{
  "id": 21040012,
  "name": "原初臂铠·磐岩",
  "affixTitle": "启程",
  "star": 2,
  "desc": "专为新手共鸣者特制的臂铠，低调朴实的外表下，蕴含着不容小觑的战斗力。",
  "attr": {
    "atk": {
      "1": 22,
      "20": 57.2242,
      "40": 108.9682,
      "50": 142.175,
      "60": 175.3818,
      "70": 208.5864,
      "80": 241.7932,
      "90": 275,
      "20+": 71.8894,
      "40+": 123.6356,
      "50+": 156.8424,
      "60+": 190.047,
      "70+": 223.2538,
      "80+": 256.4606
    },
    "bonusKey": "atkPct",
    "bonusData": {
      "1": 3.2999999821186066,
      "20": 5.866409968212246,
      "40": 8.433149954304099,
      "50": 9.716519947350024,
      "60": 10.999889940395951,
      "70": 12.283259933441878,
      "80": 13.566629926487803,
      "90": 14.84999991953373,
      "20+": 5.866409968212246,
      "40+": 8.433149954304099,
      "50+": 9.716519947350024,
      "60+": 10.999889940395951,
      "70+": 12.283259933441878,
      "80+": 13.566629926487803
    }
  },
  "materials": {
    "weapon": "声律花蕾",
    "monster": "全频啸叫声核"
  },
  "affixData": {
    "text": "攻击提升$[0]。",
    "datas": [
      [
        "5%",
        "6.25%",
        "7.5%",
        "8.75%",
        "10%"
      ]
    ]
  }
}