{
  "id": 21030074,
  "name": "奔雷",
  "affixTitle": "锐不可当",
  "star": 4,
  "desc": "此佩枪是瑝珑一州令尹就任仪式上使用的典礼武器，黄金银杏叶花纹代表了瑝珑应如银杏一般，虽孑遗世上，却依旧繁荣长存。",
  "attr": {
    "atk": {
      "1": 31,
      "20": 80.6341,
      "40": 153.5461,
      "50": 200.3375,
      "60": 247.1289,
      "70": 293.9172,
      "80": 340.7086,
      "90": 387.5,
      "20+": 101.2987,
      "40+": 174.2138,
      "50+": 221.0052,
      "60+": 267.7935,
      "70+": 314.5849,
      "80+": 361.3763
    },
    "bonusKey": "atkPct",
    "bonusData": {
      "1": 8.100000023841858,
      "20": 14.399370042383671,
      "40": 20.69955006092787,
      "50": 23.849640070199968,
      "60": 26.999730079472066,
      "70": 30.14982008874416,
      "80": 33.29991009801626,
      "90": 36.45000010728836,
      "20+": 14.399370042383671,
      "40+": 20.69955006092787,
      "50+": 23.849640070199968,
      "60+": 26.999730079472066,
      "70+": 30.14982008874416,
      "80+": 33.29991009801626
    }
  },
  "materials": {
    "weapon": "高纯晶化燃素",
    "monster": "特制镣环"
  },
  "affixData": {
    "text": "造成普攻或重击伤害时，自身共鸣技能伤害加成提升$[0]，可叠加$[1]层，持续$[2]秒。每$[3]秒可触发$[4]次。",
    "datas": [
      [
        "7%",
        "11%",
        "15%",
        "19%",
        "23%"
      ],
      [
        "3",
        "3",
        "3",
        "3",
        "3"
      ],
      [
        "10",
        "10",
        "10",
        "10",
        "10"
      ],
      [
        "1",
        "1",
        "1",
        "1",
        "1"
      ],
      [
        "1",
        "1",
        "1",
        "1",
        "1"
      ]
    ]
  }
}