{
  "id": 21010053,
  "name": "戍关长刃·定军",
  "affixTitle": "合意",
  "star": 3,
  "desc": "初代今州令尹为纪念守住边关、帮助建城的神秘人，根据其指导打造出戍关系列。如今，它已成为新型武器研发绕不开的基石。",
  "attr": {
    "atk": {
      "1": 26,
      "20": 67.6286,
      "40": 128.7806,
      "50": 168.025,
      "60": 207.2694,
      "70": 246.5112,
      "80": 285.7556,
      "90": 325,
      "20+": 84.9602,
      "40+": 146.1148,
      "50+": 185.3592,
      "60+": 224.601,
      "70+": 263.8454,
      "80+": 303.0898
    },
    "bonusKey": "atkPct",
    "bonusData": {
      "1": 5.400000140070915,
      "20": 9.599580249004067,
      "40": 13.799700357951226,
      "50": 15.8997604124248,
      "60": 17.99982046689838,
      "70": 20.09988052137196,
      "80": 22.199940575845538,
      "90": 24.30000063031912,
      "20+": 9.599580249004067,
      "40+": 13.799700357951226,
      "50+": 15.8997604124248,
      "60+": 17.99982046689838,
      "70+": 20.09988052137196,
      "80+": 22.199940575845538
    }
  },
  "materials": {
    "weapon": "海蚀嵌合体239",
    "monster": "全频呓语声核"
  },
  "affixData": {
    "text": "普攻和重击伤害加成提升$[0]。",
    "datas": [
      [
        "12%",
        "15%",
        "18%",
        "21%",
        "24%"
      ]
    ]
  }
}