{
  "id": "21010074",
  "name": "纹秋",
  "affixTitle": "锋芒所向",
  "star": 4,
  "desc": "此长刃是瑝珑一州令尹就任仪式上使用的典礼武器，黄金银杏叶花纹代表了瑝珑应如银杏一般，虽孑遗世上，却依旧繁荣长存。",
  "attr": {
    "atk": {
      "1": 33,
      "20": 85.8363,
      "40": 163.4523,
      "50": 213.2625,
      "60": 263.0727,
      "70": 312.8796,
      "80": 362.6898,
      "90": 412.5,
      "20+": 107.8341,
      "40+": 185.4534,
      "50+": 235.2636,
      "60+": 285.0705,
      "70+": 334.8807,
      "80+": 384.6909
    },
    "bonusKey": "cpct",
    "bonusData": {
      "1": 4.5,
      "20": 7.999650000000001,
      "40": 11.499749999999999,
      "50": 13.2498,
      "60": 14.999849999999999,
      "70": 16.7499,
      "80": 18.49995,
      "90": 20.25,
      "20+": 7.999650000000001,
      "40+": 11.499749999999999,
      "50+": 13.2498,
      "60+": 14.999849999999999,
      "70+": 16.7499,
      "80+": 18.49995
    }
  },
  "materials": {
    "weapon": "海蚀嵌合体239",
    "monster": "全频呓语声核"
  },
  "affixData": {
    "text": "造成普攻或重击伤害时，攻击提升$[0]，可叠加$[1]层，持续$[2]秒，每$[3]秒可触发$[4]次。",
    "datas": [
      [
        "4%",
        "6.2%",
        "8.4%",
        "10.6%",
        "12.8%"
      ],
      [
        "5",
        "5",
        "5",
        "5",
        "5"
      ],
      [
        "7",
        "7",
        "7",
        "7",
        "7"
      ],
      [
        "1",
        "1",
        "1",
        "1",
        "1"
      ],
      [
        "1",
        "1",
        "1",
        "1",
        "1"
      ]
    ]
  }
}