{
  "id": 21010034,
  "name": "重破刃-41型",
  "affixTitle": "兼收并蓄",
  "star": 4,
  "desc": "华胥研究院在此前源能武器的基础上进行自主改进、研发的第一把极具实用性的高性能长刃，代表着研究院的理性与开放，坚不可摧。",
  "attr": {
    "atk": {
      "1": 33,
      "20": 85.8363,
      "40": 163.4523,
      "50": 213.2625,
      "60": 263.0727,
      "70": 312.8796,
      "80": 362.6898,
      "90": 412.5,
      "20+": 107.8341,
      "40+": 185.4534,
      "50+": 235.2636,
      "60+": 285.0705,
      "70+": 334.8807,
      "80+": 384.6909
    },
    "bonusKey": "recharge",
    "bonusData": {
      "1": 7.2,
      "20": 12.79944,
      "40": 18.3996,
      "50": 21.199679999999997,
      "60": 23.999760000000002,
      "70": 26.79984,
      "80": 29.59992,
      "90": 32.4,
      "20+": 12.79944,
      "40+": 18.3996,
      "50+": 21.199679999999997,
      "60+": 23.999760000000002,
      "70+": 26.79984,
      "80+": 29.59992
    }
  },
  "materials": {
    "weapon": "海蚀嵌合体239",
    "monster": "全频呓语声核"
  },
  "affixData": {
    "text": "生命大于$[0]时，攻击提升$[1]。生命低于$[2]时，造成普攻或重击伤害时回复角色$[3]生命值，每$[4]秒可触发$[5]次。",
    "datas": [
      [
        "80%",
        "80%",
        "80%",
        "80%",
        "80%"
      ],
      [
        "12%",
        "15%",
        "18%",
        "21%",
        "24%"
      ],
      [
        "40%",
        "50%",
        "60%",
        "70%",
        "80%"
      ],
      [
        "5%",
        "6.25%",
        "7.5%",
        "8.75%",
        "10%"
      ],
      [
        "8",
        "8",
        "8",
        "8",
        "8"
      ],
      [
        "1",
        "1",
        "1",
        "1",
        "1"
      ]
    ]
  }
}