{
  "id": 21040015,
  "name": "擎渊怒涛",
  "affixTitle": "噬渊沦亡",
  "star": 5,
  "desc": "感受它——在暴烈的臂铠之上，仿佛能感受到来自湖底未知深潭的翻涌怒涛，不可名状，不可消解。咆哮着戴上此臂铠，向敌人宣泄无处可去的愤怒。",
  "attr": {
    "atk": {
      "1": 47,
      "20": 122.2517,
      "40": 232.7957,
      "50": 303.7375,
      "60": 374.6793,
      "70": 445.6164,
      "80": 516.5582,
      "90": 587.5,
      "20+": 153.5819,
      "40+": 264.1306,
      "50+": 335.0724,
      "60+": 406.0095,
      "70+": 476.9513,
      "80+": 547.8931
    },
    "bonusKey": "atkPct",
    "bonusData": {
      "1": 8.100000023841858,
      "20": 14.399370042383671,
      "40": 20.69955006092787,
      "50": 23.849640070199968,
      "60": 26.999730079472066,
      "70": 30.14982008874416,
      "80": 33.29991009801626,
      "90": 36.45000010728836,
      "20+": 14.399370042383671,
      "40+": 20.69955006092787,
      "50+": 23.849640070199968,
      "60+": 26.999730079472066,
      "70+": 30.14982008874416,
      "80+": 33.29991009801626
    }
  },
  "materials": {
    "weapon": "声律花蕾",
    "monster": "全频啸叫声核"
  },
  "affixData": {
    "text": "共鸣效率提升$[0]。造成共鸣技能伤害时，普攻伤害加成提升$[1]，持续$[2]秒。造成普攻伤害时，共鸣技能伤害加成提升$[3]，持续$[4]秒。",
    "datas": [
      [
        "12.8%",
        "16%",
        "19.2%",
        "22.4%",
        "25.6%"
      ],
      [
        "10%",
        "12.5%",
        "15%",
        "17.5%",
        "20%"
      ],
      [
        "8",
        "8",
        "8",
        "8",
        "8"
      ],
      [
        "10%",
        "12.5%",
        "15%",
        "17.5%",
        "20%"
      ],
      [
        "8",
        "8",
        "8",
        "8",
        "8"
      ]
    ]
  }
}