{
  "id": "21010043",
  "name": "远行者长刃·辟路",
  "affixTitle": "远涉",
  "star": 3,
  "desc": "先行公约为远行者提供的长刃，色泽鲜明，不易丢失，质地坚硬，能长期应对多种极端环境，在探险家群体中极受欢迎。",
  "attr": {
    "atk": {
      "1": 24,
      "20": 62.4264,
      "40": 118.8744,
      "50": 155.1,
      "60": 191.3256,
      "70": 227.5488,
      "80": 263.7744,
      "90": 300,
      "20+": 78.4248,
      "40+": 134.8752,
      "50+": 171.1008,
      "60+": 207.324,
      "70+": 243.5496,
      "80+": 279.7752
    },
    "bonusKey": "recharge",
    "bonusData": {
      "1": 7.2,
      "20": 12.79944,
      "40": 18.3996,
      "50": 21.199679999999997,
      "60": 23.999760000000002,
      "70": 26.79984,
      "80": 29.59992,
      "90": 32.4,
      "20+": 12.79944,
      "40+": 18.3996,
      "50+": 21.199679999999997,
      "60+": 23.999760000000002,
      "70+": 26.79984,
      "80+": 29.59992
    }
  },
  "materials": {
    "weapon": "海蚀嵌合体239",
    "monster": "全频呓语声核"
  },
  "affixData": {
    "text": "施放共鸣技能时，回复$[0]点共鸣能量，每$[1]秒可触发$[2]次。",
    "datas": [
      [
        "8",
        "9",
        "10",
        "11",
        "12"
      ],
      [
        "20",
        "20",
        "20",
        "20",
        "20"
      ],
      [
        "1",
        "1",
        "1",
        "1",
        "1"
      ]
    ]
  }
}