{
  "id": "21030023",
  "name": "源能佩枪·测叁",
  "affixTitle": "迅生",
  "star": 3,
  "desc": "为开发新型黑石武器，华胥研究院以技术验证为目的打造的测试型佩枪，除了不俗的武器性能，最大的特点是能通过攻击提高共鸣者身体活性治愈伤口。",
  "attr": {
    "atk": {
      "1": 26,
      "20": 67.6286,
      "40": 128.7806,
      "50": 168.025,
      "60": 207.2694,
      "70": 246.5112,
      "80": 285.7556,
      "90": 325,
      "20+": 84.9602,
      "40+": 146.1148,
      "50+": 185.3592,
      "60+": 224.601,
      "70+": 263.8454,
      "80+": 303.0898
    },
    "bonusKey": "atkPct",
    "bonusData": {
      "1": 5.400000140070915,
      "20": 9.599580249004067,
      "40": 13.799700357951226,
      "50": 15.8997604124248,
      "60": 17.99982046689838,
      "70": 20.09988052137196,
      "80": 22.199940575845538,
      "90": 24.30000063031912,
      "20+": 9.599580249004067,
      "40+": 13.799700357951226,
      "50+": 15.8997604124248,
      "60+": 17.99982046689838,
      "70+": 20.09988052137196,
      "80+": 22.199940575845538
    }
  },
  "materials": {
    "weapon": "高纯晶化燃素",
    "monster": "特制镣环"
  },
  "affixData": {
    "text": "施放闪避反击时，回复自身$[0]生命值，每$[1]秒可触发$[2]次。",
    "datas": [
      [
        "1.6%",
        "2%",
        "2.4%",
        "2.8%",
        "3.2%"
      ],
      [
        "6",
        "6",
        "6",
        "6",
        "6"
      ],
      [
        "1",
        "1",
        "1",
        "1",
        "1"
      ]
    ]
  }
}