{
  "id": 21020094,
  "name": "风流的寓言诗",
  "affixTitle": "修辞",
  "star": 4,
  "desc": "武器的设计灵感取材自剧目——《风流的寓言诗》。以浪客之风流，携笑语之巧妙，携此迅刀讲述寓言之诗——言辞风趣，却蕴藏着真理的暗喻。对明智之人而言，寓言的真谛显而易见；对那些不解之人而言，这不过是一笑置之的玩笑罢了。",
  "attr": {
    "atk": {
      "1": 37,
      "20": 96.2407,
      "40": 183.2647,
      "50": 239.1125,
      "60": 294.9603,
      "70": 350.8044,
      "80": 406.6522,
      "90": 462.5,
      "20+": 120.9049,
      "40+": 207.9326,
      "50+": 263.7804,
      "60+": 319.6245,
      "70+": 375.4723,
      "80+": 431.3201
    },
    "bonusKey": "atkPct",
    "bonusData": {
      "1": 4.050000011920929,
      "20": 7.1996850211918355,
      "40": 10.349775030463935,
      "50": 11.924820035099984,
      "60": 13.499865039736033,
      "70": 15.07491004437208,
      "80": 16.64995504900813,
      "90": 18.22500005364418,
      "20+": 7.1996850211918355,
      "40+": 10.349775030463935,
      "50+": 11.924820035099984,
      "60+": 13.499865039736033,
      "70+": 15.07491004437208,
      "80+": 16.64995504900813
    }
  },
  "materials": {
    "weapon": "异构金属液滴",
    "monster": "全频啸叫声核"
  },
  "affixData": {
    "text": "对带有【异常效应】的怪物造成伤害时，自身攻击提升$[0]，持续$[1]秒，每秒可触发1次，可叠加$[2]层。",
    "datas": [
      [
        "4%",
        "5%",
        "6%",
        "7%",
        "8%"
      ],
      [
        "10",
        "10",
        "10",
        "10",
        "10"
      ],
      [
        "4",
        "4",
        "4",
        "4",
        "4"
      ]
    ]
  }
}