{
  "id": 21010094,
  "name": "容赦的沉思录",
  "affixTitle": "修辞",
  "star": 4,
  "desc": "武器的设计灵感取材自剧目——《容赦的沉思录》。武夫挥击长刃的间隙，思忖着沉重的宽恕之责——是终结他人罪恶的命运，抑或施予怜悯，将灵魂从深渊中解救？每一次挥剑的背后，皆隐藏着审判的痛苦，是愤怒与宽恕的搏斗。",
  "attr": {
    "atk": {
      "1": 37,
      "20": 96.2407,
      "40": 183.2647,
      "50": 239.1125,
      "60": 294.9603,
      "70": 350.8044,
      "80": 406.6522,
      "90": 462.5,
      "20+": 120.9049,
      "40+": 207.9326,
      "50+": 263.7804,
      "60+": 319.6245,
      "70+": 375.4723,
      "80+": 431.3201
    },
    "bonusKey": "atkPct",
    "bonusData": {
      "1": 4.050000011920929,
      "20": 7.1996850211918355,
      "40": 10.349775030463935,
      "50": 11.924820035099984,
      "60": 13.499865039736033,
      "70": 15.07491004437208,
      "80": 16.64995504900813,
      "90": 18.22500005364418,
      "20+": 7.1996850211918355,
      "40+": 10.349775030463935,
      "50+": 11.924820035099984,
      "60+": 13.499865039736033,
      "70+": 15.07491004437208,
      "80+": 16.64995504900813
    }
  },
  "materials": {
    "weapon": "海蚀嵌合体239",
    "monster": "全频呓语声核"
  },
  "affixData": {
    "text": "对带有【异常效应】的怪物造成伤害时，自身攻击提升$[0]，持续$[1]秒，每秒可触发1次，可叠加$[2]层。",
    "datas": [
      [
        "4%",
        "5%",
        "6%",
        "7%",
        "8%"
      ],
      [
        "10",
        "10",
        "10",
        "10",
        "10"
      ],
      [
        "4",
        "4",
        "4",
        "4",
        "4"
      ]
    ]
  }
}