{
  "id": "21040026",
  "name": "悲喜剧",
  "affixTitle": "愚人欢歌",
  "star": 5,
  "desc": "人世间的哀乐变幻无端， 痛苦转瞬就变成了狂欢。",
  "attr": {
    "atk": {
      "1": 47,
      "20": 122.2517,
      "40": 232.7957,
      "50": 303.7375,
      "60": 374.6793,
      "70": 445.6164,
      "80": 516.5582,
      "90": 587.5,
      "20+": 153.5819,
      "40+": 264.1306,
      "50+": 335.0724,
      "60+": 406.0095,
      "70+": 476.9513,
      "80+": 547.8931
    },
    "bonusKey": "cpct",
    "bonusData": {
      "1": 5.4,
      "20": 9.59958,
      "40": 13.799700000000001,
      "50": 15.899760000000002,
      "60": 17.99982,
      "70": 20.099880000000002,
      "80": 22.19994,
      "90": 24.3,
      "20+": 9.59958,
      "40+": 13.799700000000001,
      "50+": 15.899760000000002,
      "60+": 17.99982,
      "70+": 20.099880000000002,
      "80+": 22.19994
    }
  },
  "materials": {
    "weapon": "声律花蕾",
    "monster": "全频啸叫声核"
  },
  "affixData": {
    "text": "攻击提升$[0]。施放普攻或变奏技能时，自身重击伤害加成提升$[1]，持续$[2]秒。",
    "datas": [
      [
        "12%",
        "15%",
        "18%",
        "21%",
        "24%"
      ],
      [
        "48%",
        "60%",
        "72%",
        "84%",
        "96%"
      ],
      [
        "3",
        "3",
        "3",
        "3",
        "3"
      ]
    ]
  }
}