{
  "id": "21010023",
  "name": "源能长刃·测壹",
  "affixTitle": "急疗",
  "star": 3,
  "desc": "为开发新型黑石武器，华胥研究院以技术验证为目的打造的测试型长刃，除了不俗的武器性能，最大的特点是能通过攻击提高共鸣者身体活性治愈伤口。",
  "attr": {
    "atk": {
      "1": 24,
      "20": 62.4264,
      "40": 118.8744,
      "50": 155.1,
      "60": 191.3256,
      "70": 227.5488,
      "80": 263.7744,
      "90": 300,
      "20+": 78.4248,
      "40+": 134.8752,
      "50+": 171.1008,
      "60+": 207.324,
      "70+": 243.5496,
      "80+": 279.7752
    },
    "bonusKey": "atkPct",
    "bonusData": {
      "1": 8.550000190734863,
      "20": 15.199335339069368,
      "40": 21.849525487422945,
      "50": 25.17462056159973,
      "60": 28.499715635776518,
      "70": 31.82481070995331,
      "80": 35.1499057841301,
      "90": 38.475000858306885,
      "20+": 15.199335339069368,
      "40+": 21.849525487422945,
      "50+": 25.17462056159973,
      "60+": 28.499715635776518,
      "70+": 31.82481070995331,
      "80+": 35.1499057841301
    }
  },
  "materials": {
    "weapon": "海蚀嵌合体239",
    "monster": "全频呓语声核"
  },
  "affixData": {
    "text": "施放共鸣技能时，回复自身$[0]生命值，每$[1]秒可触发$[2]次。",
    "datas": [
      [
        "3%",
        "3.75%",
        "4.5%",
        "5.25%",
        "6%"
      ],
      [
        "12",
        "12",
        "12",
        "12",
        "12"
      ],
      [
        "1",
        "1",
        "1",
        "1",
        "1"
      ]
    ]
  }
}