{
  "id": "21010064",
  "name": "东落",
  "affixTitle": "潜能蕴蓄",
  "star": 4,
  "desc": "因空中奇象而生的长刃。锻造者将目睹异星的感受融于武器之中，使它看起来镂空轻盈、却能发挥出星陨时那般无敌重力。",
  "attr": {
    "atk": {
      "1": 33,
      "20": 85.8363,
      "40": 163.4523,
      "50": 213.2625,
      "60": 263.0727,
      "70": 312.8796,
      "80": 362.6898,
      "90": 412.5,
      "20+": 107.8341,
      "40+": 185.4534,
      "50+": 235.2636,
      "60+": 285.0705,
      "70+": 334.8807,
      "80+": 384.6909
    },
    "bonusKey": "atkPct",
    "bonusData": {
      "1": 6.7500002682209015,
      "20": 11.999475476816295,
      "40": 17.249625685438513,
      "50": 19.87470078974962,
      "60": 22.49977589406073,
      "70": 25.12485099837184,
      "80": 27.74992610268295,
      "90": 30.375001206994057,
      "20+": 11.999475476816295,
      "40+": 17.249625685438513,
      "50+": 19.87470078974962,
      "60+": 22.49977589406073,
      "70+": 25.12485099837184,
      "80+": 27.74992610268295
    }
  },
  "materials": {
    "weapon": "海蚀嵌合体239",
    "monster": "全频呓语声核"
  },
  "affixData": {
    "text": "施放共鸣技能后$[0]秒内，每$[1]秒攻击提升$[2]，可叠加$[3]层。每$[4]秒可触发$[5]次。当层数达到$[6]层后，$[7]秒内重置全部层数。",
    "datas": [
      [
        "12",
        "12",
        "12",
        "12",
        "12"
      ],
      [
        "2",
        "2",
        "2",
        "2",
        "2"
      ],
      [
        "3%",
        "3.75%",
        "4.5%",
        "5.25%",
        "6%"
      ],
      [
        "4",
        "4",
        "4",
        "4",
        "4"
      ],
      [
        "12",
        "12",
        "12",
        "12",
        "12"
      ],
      [
        "1",
        "1",
        "1",
        "1",
        "1"
      ],
      [
        "4",
        "4",
        "4",
        "4",
        "4"
      ],
      [
        "6",
        "6",
        "6",
        "6",
        "6"
      ]
    ]
  }
}