{
  "id": "21020017",
  "name": "心之锚",
  "affixTitle": "喵呜！",
  "star": 4,
  "desc": "曾被白色守门人用于稳定心之集域的锚定装置。在白色守门人被变化为了白猫的形态后，这个装置的外形也发生了一些变化……",
  "attr": {
    "atk": {
      "1": 37,
      "20": 96.2407,
      "40": 183.2647,
      "50": 239.1125,
      "60": 294.9603,
      "70": 350.8044,
      "80": 406.6522,
      "90": 462.5,
      "20+": 120.9049,
      "40+": 207.9326,
      "50+": 263.7804,
      "60+": 319.6245,
      "70+": 375.4723,
      "80+": 431.3201
    },
    "bonusKey": "atkPct",
    "bonusData": {
      "1": 4.050000011920929,
      "20": 7.1996850211918355,
      "40": 10.349775030463935,
      "50": 11.924820035099984,
      "60": 13.499865039736033,
      "70": 15.07491004437208,
      "80": 16.64995504900813,
      "90": 18.22500005364418,
      "20+": 7.1996850211918355,
      "40+": 10.349775030463935,
      "50+": 11.924820035099984,
      "60+": 13.499865039736033,
      "70+": 15.07491004437208,
      "80+": 16.64995504900813
    }
  },
  "materials": {
    "weapon": "异构金属液滴",
    "monster": "全频啸叫声核"
  },
  "affixData": {
    "text": "在场造成伤害时获得$[0]层【凶猛】，每$[1]秒可获得$[2]层。【凶猛】：每1层使自身攻击提升$[3]，持续$[4]秒，可叠加$[5]层，角色离场时，清除所有层数。【凶猛】为$[6]层时，自身暴击提升$[7]。",
    "datas": [
      [
        "1",
        "1",
        "1",
        "1",
        "1"
      ],
      [
        "1",
        "1",
        "1",
        "1",
        "1"
      ],
      [
        "1",
        "1",
        "1",
        "1",
        "1"
      ],
      [
        "2%",
        "2.5%",
        "3%",
        "3.5%",
        "4%"
      ],
      [
        "3",
        "3",
        "3",
        "3",
        "3"
      ],
      [
        "10",
        "10",
        "10",
        "10",
        "10"
      ],
      [
        "10",
        "10",
        "10",
        "10",
        "10"
      ],
      [
        "6%",
        "7.5%",
        "9%",
        "10.5%",
        "12%"
      ]
    ]
  }
}