{
  "id": 21020104,
  "name": "翼锋",
  "affixTitle": "狩潮之誓",
  "star": 4,
  "desc": "七丘授予杰出角斗士的迅刀。武器上的雕纹以狩王鹫为原型设计。狩王鹫是天生的猎手，也是七丘人在这片土地上最初的伙伴。这份情谊无需用笔墨锚定，它永不蒙尘，永远如灼日般璀璨高洁。",
  "attr": {
    "atk": {
      "1": 33,
      "20": 85.8363,
      "40": 163.4523,
      "50": 213.2625,
      "60": 263.0727,
      "70": 312.8796,
      "80": 362.6898,
      "90": 412.5,
      "20+": 107.8341,
      "40+": 185.4534,
      "50+": 235.2636,
      "60+": 285.0705,
      "70+": 334.8807,
      "80+": 384.6909
    },
    "bonusKey": "cpct",
    "bonusData": {
      "1": 4.5,
      "20": 7.999650000000001,
      "40": 11.499749999999999,
      "50": 13.2498,
      "60": 14.999849999999999,
      "70": 16.7499,
      "80": 18.49995,
      "90": 20.25,
      "20+": 7.999650000000001,
      "40+": 11.499749999999999,
      "50+": 13.2498,
      "60+": 14.999849999999999,
      "70+": 16.7499,
      "80+": 18.49995
    }
  },
  "materials": {
    "weapon": "异构金属液滴",
    "monster": "全频啸叫声核"
  },
  "affixData": {
    "text": "施放共鸣解放时，攻击提升$[0]，共鸣解放伤害加成提升$[1]，持续$[2]秒。",
    "datas": [
      [
        "7.2%",
        "11.1%",
        "15.1%",
        "19%",
        "23%"
      ],
      [
        "10.8%",
        "16.7%",
        "22.6%",
        "28.6%",
        "34.5%"
      ],
      [
        "15",
        "15",
        "15",
        "15",
        "15"
      ]
    ]
  }
}