{
  "id": "21010044",
  "name": "永夜长明",
  "affixTitle": "枕戈待旦",
  "star": 4,
  "desc": "为纪念夜归战士的常备不懈而打造的长刃。有诗赞曰：“漫漫长夜秋萧瑟，点点星光负长缨。”",
  "attr": {
    "atk": {
      "1": 27,
      "20": 70.2297,
      "40": 133.7337,
      "50": 174.4875,
      "60": 215.2413,
      "70": 255.9924,
      "80": 296.7462,
      "90": 337.5,
      "20+": 88.2279,
      "40+": 151.7346,
      "50+": 192.4884,
      "60+": 233.2395,
      "70+": 273.9933,
      "80+": 314.7471
    },
    "bonusKey": "atkPct",
    "bonusData": {
      "1": 13.680000603199005,
      "20": 24.31893707230687,
      "40": 34.95924154147506,
      "50": 40.27939377605915,
      "60": 45.599546010643245,
      "70": 50.91969824522734,
      "80": 56.23985047981142,
      "90": 61.56000271439552,
      "20+": 24.31893707230687,
      "40+": 34.95924154147506,
      "50+": 40.27939377605915,
      "60+": 45.599546010643245,
      "70+": 50.91969824522734,
      "80+": 56.23985047981142
    }
  },
  "materials": {
    "weapon": "海蚀嵌合体239",
    "monster": "全频呓语声核"
  },
  "affixData": {
    "text": "施放变奏技能时，自身攻击提升$[0]，防御提升$[1]，持续$[2]秒。",
    "datas": [
      [
        "8%",
        "10%",
        "12%",
        "14%",
        "16%"
      ],
      [
        "15%",
        "18.75%",
        "22.5%",
        "26.25%",
        "30%"
      ],
      [
        "15",
        "15",
        "15",
        "15",
        "15"
      ]
    ]
  }
}