{
  "id": 21050064,
  "name": "异度",
  "affixTitle": "重光护持",
  "star": 4,
  "desc": "因空中奇象而生的音感仪。锻造者将目睹异星的感受融于武器之中，使它看起来纤巧轻盈、却能沉稳恒定、应变有方。",
  "attr": {
    "atk": {
      "1": 33,
      "20": 85.8363,
      "40": 163.4523,
      "50": 213.2625,
      "60": 263.0727,
      "70": 312.8796,
      "80": 362.6898,
      "90": 412.5,
      "20+": 107.8341,
      "40+": 185.4534,
      "50+": 235.2636,
      "60+": 285.0705,
      "70+": 334.8807,
      "80+": 384.6909
    },
    "bonusKey": "hpPct",
    "bonusData": {
      "1": 6.7500002682209015,
      "20": 11.999475476816295,
      "40": 17.249625685438513,
      "50": 19.87470078974962,
      "60": 22.49977589406073,
      "70": 25.12485099837184,
      "80": 27.74992610268295,
      "90": 30.375001206994057,
      "20+": 11.999475476816295,
      "40+": 17.249625685438513,
      "50+": 19.87470078974962,
      "60+": 22.49977589406073,
      "70+": 25.12485099837184,
      "80+": 27.74992610268295
    }
  },
  "materials": {
    "weapon": "急板涡流",
    "monster": "特制镣环"
  },
  "affixData": {
    "text": "造成普攻或重击伤害时，治疗效果加成提升$[0]，持续$[1]秒，可叠加$[2]层，每$[3]秒可触发$[4]次。",
    "datas": [
      [
        "3%",
        "3.75%",
        "4.5%",
        "5.25%",
        "6%"
      ],
      [
        "8",
        "8",
        "8",
        "8",
        "8"
      ],
      [
        "3",
        "3",
        "3",
        "3",
        "3"
      ],
      [
        "0.6",
        "0.6",
        "0.6",
        "0.6",
        "0.6"
      ],
      [
        "1",
        "1",
        "1",
        "1",
        "1"
      ]
    ]
  }
}