{
  "id": 21040094,
  "name": "酩酊的英雄志",
  "affixTitle": "修辞",
  "star": 4,
  "desc": "武器的设计灵感取材自剧目——《酩酊的英雄志》。那杯中之物，鼓舞灵魂，赐予勇气，以臂铠之膂力逆转命运与战局；或是那同样的祸酿——醉意迷离之时，英雄失去警惕，敌人则趁虚而入。如此，胜利与毁灭常被书写在那酒渍斑驳的传奇篇章中。",
  "attr": {
    "atk": {
      "1": 37,
      "20": 96.2407,
      "40": 183.2647,
      "50": 239.1125,
      "60": 294.9603,
      "70": 350.8044,
      "80": 406.6522,
      "90": 462.5,
      "20+": 120.9049,
      "40+": 207.9326,
      "50+": 263.7804,
      "60+": 319.6245,
      "70+": 375.4723,
      "80+": 431.3201
    },
    "bonusKey": "atkPct",
    "bonusData": {
      "1": 4.050000011920929,
      "20": 7.1996850211918355,
      "40": 10.349775030463935,
      "50": 11.924820035099984,
      "60": 13.499865039736033,
      "70": 15.07491004437208,
      "80": 16.64995504900813,
      "90": 18.22500005364418,
      "20+": 7.1996850211918355,
      "40+": 10.349775030463935,
      "50+": 11.924820035099984,
      "60+": 13.499865039736033,
      "70+": 15.07491004437208,
      "80+": 16.64995504900813
    }
  },
  "materials": {
    "weapon": "声律花蕾",
    "monster": "全频啸叫声核"
  },
  "affixData": {
    "text": "对带有【异常效应】的怪物造成伤害时，自身攻击提升$[0]，持续$[1]秒，每秒可触发1次，可叠加$[2]层。",
    "datas": [
      [
        "4%",
        "5%",
        "6%",
        "7%",
        "8%"
      ],
      [
        "10",
        "10",
        "10",
        "10",
        "10"
      ],
      [
        "4",
        "4",
        "4",
        "4",
        "4"
      ]
    ]
  }
}