{
  "id": "21050045",
  "name": "玻色星仪",
  "affixTitle": "观测者",
  "star": 5,
  "desc": "深空联合「共生武装」系列，型号-SCSA-LHRi-RCTF325062-仪表采用隧者生物化构件与黑石复合工艺制造，实现「频率自适应」与「使用者绑定」的两项核心特性。「共生武装」的性能上限取决于使用者的异能力，通过对异能力的训练与开发，可进一步提升武装的输出表现。仪器由光谱环镜与多层玻片构成，能捕捉到频率的细微流变，犹如一颗启明之星，引导求知者于纷繁的思绪之海中辨明方向，预演万变，适合知几而先觉的观测者。",
  "attr": {
    "atk": {
      "1": 42,
      "20": 109.2462,
      "40": 208.0302,
      "50": 271.425,
      "60": 334.8198,
      "70": 398.2104,
      "80": 461.6052,
      "90": 525,
      "20+": 137.2434,
      "40+": 236.0316,
      "50+": 299.4264,
      "60+": 362.817,
      "70+": 426.2118,
      "80+": 489.6066
    },
    "bonusKey": "recharge",
    "bonusData": {
      "1": 8.64,
      "20": 15.359328000000001,
      "40": 22.079520000000002,
      "50": 25.439616,
      "60": 28.799712,
      "70": 32.159808,
      "80": 35.519904000000004,
      "90": 38.88,
      "20+": 15.359328000000001,
      "40+": 22.079520000000002,
      "50+": 25.439616,
      "60+": 28.799712,
      "70+": 32.159808,
      "80+": 35.519904000000004
    }
  },
  "materials": {
    "weapon": "如歌的弦线",
    "monster": "全频隧花声核"
  },
  "affixData": {
    "text": "攻击提升$[0]。队伍中的角色施放【谐度破坏技】后，自身攻击提升$[1]，普攻伤害加成提升$[2]，持续$[3]秒。",
    "datas": [
      [
        "12%",
        "15%",
        "18%",
        "21%",
        "24%"
      ],
      [
        "12%",
        "13.5%",
        "15%",
        "16.5%",
        "18%"
      ],
      [
        "12%",
        "13.5%",
        "15%",
        "16.5%",
        "18%"
      ],
      [
        "14",
        "14",
        "14",
        "14",
        "14"
      ]
    ]
  }
}