{
  "id": 21010056,
  "name": "昙切",
  "affixTitle": "命弦",
  "star": 5,
  "desc": "绯红丝缕浮现于虚空，仿佛将万物的骨架牵引在同一根弦线之上。永无止境的漫长季节在她的指尖被拉紧、剪断、继而重新编织，支离的轨迹终于再度汇入这一时间线。",
  "attr": {
    "atk": {
      "1": 40,
      "20": 104.044,
      "40": 198.124,
      "50": 258.5,
      "60": 318.876,
      "70": 379.248,
      "80": 439.624,
      "90": 500,
      "20+": 130.708,
      "40+": 224.792,
      "50+": 285.168,
      "60+": 345.54,
      "70+": 405.916,
      "80+": 466.292
    },
    "bonusKey": "cpct",
    "bonusData": {
      "1": 8,
      "20": 14.2216,
      "40": 20.444000000000003,
      "50": 23.5552,
      "60": 26.6664,
      "70": 29.777600000000003,
      "80": 32.8888,
      "90": 36,
      "20+": 14.2216,
      "40+": 20.444000000000003,
      "50+": 23.5552,
      "60+": 26.6664,
      "70+": 29.777600000000003,
      "80+": 32.8888
    }
  },
  "materials": {
    "weapon": "海蚀嵌合体239",
    "monster": "全频呓语声核"
  },
  "affixData": {
    "text": "攻击提升$[0]。施放变奏技能或施加【异常效应】时，共鸣解放伤害提升$[1]，可叠加$[2]层，持续$[3]秒。\n叠加至满层时，队伍中角色施加【异常效应】或造成异常效应伤害时，全属性伤害加成提升$[4]，持续$[5]秒，同名效果之间不可叠加。",
    "datas": [
      [
        "12%",
        "15%",
        "18%",
        "21%",
        "24%"
      ],
      [
        "8%",
        "10%",
        "12%",
        "14%",
        "16%"
      ],
      [
        "3",
        "3",
        "3",
        "3",
        "3"
      ],
      [
        "15",
        "15",
        "15",
        "15",
        "15"
      ],
      [
        "24%",
        "30%",
        "36%",
        "42%",
        "48%"
      ],
      [
        "15",
        "15",
        "15",
        "15",
        "15"
      ]
    ]
  }
}