{
  "id": "21010046",
  "name": "驭冕铸雷之权",
  "affixTitle": "炽烈权霆",
  "star": 5,
  "desc": "雷霆会灼净她的沉疴与软弱，在那由血与砂铸成的熔炉中，她将不再是尘埃，而是辉煌夺目的太阳。",
  "attr": {
    "atk": {
      "1": 54,
      "20": 140.4594,
      "40": 267.4674,
      "50": 348.975,
      "60": 430.4826,
      "70": 511.9848,
      "80": 593.4924,
      "90": 675,
      "20+": 176.4558,
      "40+": 303.4692,
      "50+": 384.9768,
      "60+": 466.479,
      "70+": 547.9866,
      "80+": 629.4942
    },
    "bonusKey": "cpct",
    "bonusData": {
      "1": 2.7,
      "20": 4.79979,
      "40": 6.899850000000001,
      "50": 7.949880000000001,
      "60": 8.99991,
      "70": 10.049940000000001,
      "80": 11.09997,
      "90": 12.15,
      "20+": 4.79979,
      "40+": 6.899850000000001,
      "50+": 7.949880000000001,
      "60+": 8.99991,
      "70+": 10.049940000000001,
      "80+": 11.09997
    }
  },
  "materials": {
    "weapon": "海蚀嵌合体239",
    "monster": "全频呓语声核"
  },
  "affixData": {
    "text": "攻击提升$[0]。施放变奏技能或共鸣技能时，重击伤害提升$[1]，持续$[2]秒；自身获得护盾时，重击伤害无视目标$[3]防御，每0.5秒可生效1次，可叠加$[4]层，持续$[5]秒。",
    "datas": [
      [
        "12%",
        "15%",
        "18%",
        "21%",
        "24%"
      ],
      [
        "20%",
        "25%",
        "30%",
        "35%",
        "40%"
      ],
      [
        "15",
        "15",
        "15",
        "15",
        "15"
      ],
      [
        "7.2%",
        "8.4%",
        "9.6%",
        "10.8%",
        "12%"
      ],
      [
        "5",
        "5",
        "5",
        "5",
        "5"
      ],
      [
        "7",
        "7",
        "7",
        "7",
        "7"
      ]
    ]
  }
}