{
  "id": "21040023",
  "name": "源能臂铠·测肆",
  "affixTitle": "愈合",
  "star": 3,
  "desc": "为开发新型黑石武器，华胥研究院以技术验证为目的打造的测试型臂铠，除了不俗的武器性能，最大的特点是能通过攻击提高共鸣者身体活性治愈伤口。",
  "attr": {
    "atk": {
      "1": 24,
      "20": 62.4264,
      "40": 118.8744,
      "50": 155.1,
      "60": 191.3256,
      "70": 227.5488,
      "80": 263.7744,
      "90": 300,
      "20+": 78.4248,
      "40+": 134.8752,
      "50+": 171.1008,
      "60+": 207.324,
      "70+": 243.5496,
      "80+": 279.7752
    },
    "bonusKey": "cdmg",
    "bonusData": {
      "1": 9,
      "20": 15.999300000000002,
      "40": 22.999499999999998,
      "50": 26.4996,
      "60": 29.999699999999997,
      "70": 33.4998,
      "80": 36.9999,
      "90": 40.5,
      "20+": 15.999300000000002,
      "40+": 22.999499999999998,
      "50+": 26.4996,
      "60+": 29.999699999999997,
      "70+": 33.4998,
      "80+": 36.9999
    }
  },
  "materials": {
    "weapon": "声律花蕾",
    "monster": "全频啸叫声核"
  },
  "affixData": {
    "text": "造成普攻伤害时，回复自身$[0]生命值，每$[1]秒可触发$[2]次。",
    "datas": [
      [
        "0.5%",
        "0.65%",
        "0.8%",
        "0.95%",
        "1.1%"
      ],
      [
        "3",
        "3",
        "3",
        "3",
        "3"
      ],
      [
        "1",
        "1",
        "1",
        "1",
        "1"
      ]
    ]
  }
}