{
  "id": "21020026",
  "name": "裁春",
  "affixTitle": "终始之外",
  "star": 5,
  "desc": "静寂抽枝的椿花之种。她将如约绽放的无限世界盛在掌心，让细小的赤色藤蔓与指尖缠绕相连。恰似沙砾厮磨心脏的隐约痛楚，即是彼此相遇的证明。",
  "attr": {
    "atk": {
      "1": 47,
      "20": 122.2517,
      "40": 232.7957,
      "50": 303.7375,
      "60": 374.6793,
      "70": 445.6164,
      "80": 516.5582,
      "90": 587.5,
      "20+": 153.5819,
      "40+": 264.1306,
      "50+": 335.0724,
      "60+": 406.0095,
      "70+": 476.9513,
      "80+": 547.8931
    },
    "bonusKey": "cpct",
    "bonusData": {
      "1": 5.4,
      "20": 9.59958,
      "40": 13.799700000000001,
      "50": 15.899760000000002,
      "60": 17.99982,
      "70": 20.099880000000002,
      "80": 22.19994,
      "90": 24.3,
      "20+": 9.59958,
      "40+": 13.799700000000001,
      "50+": 15.899760000000002,
      "60+": 17.99982,
      "70+": 20.099880000000002,
      "80+": 22.19994
    }
  },
  "materials": {
    "weapon": "异构金属液滴",
    "monster": "全频啸叫声核"
  },
  "affixData": {
    "text": "攻击提升$[0]。造成普攻伤害时，自身普攻伤害加成提升$[1]，持续$[2]秒，每秒可触发1次，可叠加$[3]层；\n自身的协奏能量消耗时，自身普攻伤害加成提升$[4]，持续$[5]秒，每秒可触发1次，若切换至其他角色则该效果提前结束。",
    "datas": [
      [
        "12%",
        "15%",
        "18%",
        "21%",
        "24%"
      ],
      [
        "10%",
        "12.5%",
        "15%",
        "17.5%",
        "20%"
      ],
      [
        "14",
        "14",
        "14",
        "14",
        "14"
      ],
      [
        "3",
        "3",
        "3",
        "3",
        "3"
      ],
      [
        "40%",
        "50%",
        "60%",
        "70%",
        "80%"
      ],
      [
        "10",
        "10",
        "10",
        "10",
        "10"
      ]
    ]
  }
}