{
  "id": 21020046,
  "name": "血誓盟约",
  "affixTitle": "和鸣谐振",
  "star": 5,
  "desc": "此即为血盟之证——永不背叛，永不放弃，直至最后一滴血流尽。",
  "attr": {
    "atk": {
      "1": 47,
      "20": 122.2517,
      "40": 232.7957,
      "50": 303.7375,
      "60": 374.6793,
      "70": 445.6164,
      "80": 516.5582,
      "90": 587.5,
      "20+": 153.5819,
      "40+": 264.1306,
      "50+": 335.0724,
      "60+": 406.0095,
      "70+": 476.9513,
      "80+": 547.8931
    },
    "bonusKey": "recharge",
    "bonusData": {
      "1": 8.64,
      "20": 15.359328000000001,
      "40": 22.079520000000002,
      "50": 25.439616,
      "60": 28.799712,
      "70": 32.159808,
      "80": 35.519904000000004,
      "90": 38.88,
      "20+": 15.359328000000001,
      "40+": 22.079520000000002,
      "50+": 25.439616,
      "60+": 28.799712,
      "70+": 32.159808,
      "80+": 35.519904000000004
    }
  },
  "materials": {
    "weapon": "异构金属液滴",
    "monster": "全频啸叫声核"
  },
  "affixData": {
    "text": "造成治疗时，自身共鸣技能伤害提升$[0]，持续$[1]秒。漂泊者·气动施放共鸣技能·缥缈无相时，附近队伍中登场角色气动伤害加深$[2]，持续$[3]秒。",
    "datas": [
      [
        "10%",
        "14%",
        "18%",
        "22%",
        "26%"
      ],
      [
        "6",
        "6",
        "6",
        "6",
        "6"
      ],
      [
        "10%",
        "14%",
        "18%",
        "22%",
        "26%"
      ],
      [
        "30",
        "30",
        "30",
        "30",
        "30"
      ]
    ]
  }
}