{
  "id": 21030043,
  "name": "远行者佩枪·洞察",
  "affixTitle": "远涉",
  "star": 3,
  "desc": "先行公约为远行者提供的佩枪，色泽鲜明，不易丢失，质地坚硬，能长期应对多种极端环境，在探险家群体中极受欢迎。",
  "attr": {
    "atk": {
      "1": 24,
      "20": 62.4264,
      "40": 118.8744,
      "50": 155.1,
      "60": 191.3256,
      "70": 227.5488,
      "80": 263.7744,
      "90": 300,
      "20+": 78.4248,
      "40+": 134.8752,
      "50+": 171.1008,
      "60+": 207.324,
      "70+": 243.5496,
      "80+": 279.7752
    },
    "bonusKey": "atkPct",
    "bonusData": {
      "1": 6.7500002682209015,
      "20": 11.999475476816295,
      "40": 17.249625685438513,
      "50": 19.87470078974962,
      "60": 22.49977589406073,
      "70": 25.12485099837184,
      "80": 27.74992610268295,
      "90": 30.375001206994057,
      "20+": 11.999475476816295,
      "40+": 17.249625685438513,
      "50+": 19.87470078974962,
      "60+": 22.49977589406073,
      "70+": 25.12485099837184,
      "80+": 27.74992610268295
    }
  },
  "materials": {
    "weapon": "高纯晶化燃素",
    "monster": "特制镣环"
  },
  "affixData": {
    "text": "施放共鸣技能时，回复$[0]点共鸣能量，每$[1]秒可触发$[2]次。",
    "datas": [
      [
        "8",
        "9",
        "10",
        "11",
        "12"
      ],
      [
        "20",
        "20",
        "20",
        "20",
        "20"
      ],
      [
        "1",
        "1",
        "1",
        "1",
        "1"
      ]
    ]
  }
}