{
  "id": "21050017",
  "name": "渊海回声",
  "affixTitle": "天星瞭望",
  "star": 4,
  "desc": "用于奴役宏伟造物的权柄，而看护它的人也曾手捧王冠，指点星河。在黎那汐塔洋溢着管风琴声的漫长时光中，它早已遗失了原本的形貌。",
  "attr": {
    "atk": {
      "1": 27,
      "20": 70.2297,
      "40": 133.7337,
      "50": 174.4875,
      "60": 215.2413,
      "70": 255.9924,
      "80": 296.7462,
      "90": 337.5,
      "20+": 88.2279,
      "40+": 151.7346,
      "50+": 192.4884,
      "60+": 233.2395,
      "70+": 273.9933,
      "80+": 314.7471
    },
    "bonusKey": "recharge",
    "bonusData": {
      "1": 11.52,
      "20": 20.479104,
      "40": 29.43936,
      "50": 33.919488,
      "60": 38.399616,
      "70": 42.879744,
      "80": 47.359871999999996,
      "90": 51.84,
      "20+": 20.479104,
      "40+": 29.43936,
      "50+": 33.919488,
      "60+": 38.399616,
      "70+": 42.879744,
      "80+": 47.359871999999996
    }
  },
  "materials": {
    "weapon": "急板涡流",
    "monster": "特制镣环"
  },
  "affixData": {
    "text": "施放共鸣解放时，自身治疗效果加成提升$[0]，持续$[1]秒。",
    "datas": [
      [
        "16%",
        "20%",
        "24%",
        "28%",
        "32%"
      ],
      [
        "15",
        "15",
        "15",
        "15",
        "15"
      ]
    ]
  }
}