{
  "id": 21010063,
  "name": "钧天正音",
  "affixTitle": "轻拢慢捻",
  "star": 3,
  "desc": "据说是由角褪下的龙鳞打造而成的礼器，比起刀剑，更像是一把乐器。",
  "attr": {
    "atk": {
      "1": 24,
      "20": 62.4264,
      "40": 118.8744,
      "50": 155.1,
      "60": 191.3256,
      "70": 227.5488,
      "80": 263.7744,
      "90": 300,
      "20+": 78.4248,
      "40+": 134.8752,
      "50+": 171.1008,
      "60+": 207.324,
      "70+": 243.5496,
      "80+": 279.7752
    },
    "bonusKey": "atkPct",
    "bonusData": {
      "1": 6.7500002682209015,
      "20": 11.999475476816295,
      "40": 17.249625685438513,
      "50": 19.87470078974962,
      "60": 22.49977589406073,
      "70": 25.12485099837184,
      "80": 27.74992610268295,
      "90": 30.375001206994057,
      "20+": 11.999475476816295,
      "40+": 17.249625685438513,
      "50+": 19.87470078974962,
      "60+": 22.49977589406073,
      "70+": 25.12485099837184,
      "80+": 27.74992610268295
    }
  },
  "materials": {
    "weapon": "海蚀嵌合体239",
    "monster": "全频呓语声核"
  },
  "affixData": {
    "text": "施放变奏技能时，回复$[0]点协奏能量；施放延奏技能时，回复$[1]点共鸣能量。",
    "datas": [
      [
        "4",
        "5",
        "6",
        "7",
        "8"
      ],
      [
        "4",
        "5",
        "6",
        "7",
        "8"
      ]
    ]
  }
}