{
  "id": "21030045",
  "name": "相位涟漪",
  "affixTitle": "洞见者",
  "star": 5,
  "desc": "深空联合「共生武装」系列，型号-SCSA-LHRi-PSTL325052-铳身采用隧者生物化构件与黑石复合工艺制造，实现「频率自适应」与「使用者绑定」的两项核心特性。「共生武装」的性能上限取决于使用者的异能力，通过对异能力的训练与开发，可进一步提升武装的输出表现。弹体与膛线经光谱调谐，击发时能产生强大的频率扰流，暴露并破坏目标的弱点——既成领挈靶心的基线，亦是一发破的之杀器，适合审慎而独具慧眼的洞见者。",
  "attr": {
    "atk": {
      "1": 47,
      "20": 122.2517,
      "40": 232.7957,
      "50": 303.7375,
      "60": 374.6793,
      "70": 445.6164,
      "80": 516.5582,
      "90": 587.5,
      "20+": 153.5819,
      "40+": 264.1306,
      "50+": 335.0724,
      "60+": 406.0095,
      "70+": 476.9513,
      "80+": 547.8931
    },
    "bonusKey": "cdmg",
    "bonusData": {
      "1": 10.8,
      "20": 19.19916,
      "40": 27.599400000000003,
      "50": 31.799520000000005,
      "60": 35.99964,
      "70": 40.199760000000005,
      "80": 44.39988,
      "90": 48.6,
      "20+": 19.19916,
      "40+": 27.599400000000003,
      "50+": 31.799520000000005,
      "60+": 35.99964,
      "70+": 40.199760000000005,
      "80+": 44.39988
    }
  },
  "materials": {
    "weapon": "回音聚燃体",
    "monster": "完整隧体绳链"
  },
  "affixData": {
    "text": "攻击提升$[0]。队伍中的角色施放【谐度破坏技】后，自身全属性伤害加成提升$[1]，持续$[2]秒。",
    "datas": [
      [
        "12%",
        "15%",
        "18%",
        "21%",
        "24%"
      ],
      [
        "20%",
        "22.5%",
        "25%",
        "27.5%",
        "30%"
      ],
      [
        "14",
        "14",
        "14",
        "14",
        "14"
      ]
    ]
  }
}