{
  "id": "21050034",
  "name": "鸣动仪-25型",
  "affixTitle": "创制开先",
  "star": 4,
  "desc": "华胥研究院在此前源能武器的基础上进行自主改进、研发的第一个极具实用性的高性能音感仪，代表着研究院的多元与创新，瞬息万状。",
  "attr": {
    "atk": {
      "1": 27,
      "20": 70.2297,
      "40": 133.7337,
      "50": 174.4875,
      "60": 215.2413,
      "70": 255.9924,
      "80": 296.7462,
      "90": 337.5,
      "20+": 88.2279,
      "40+": 151.7346,
      "50+": 192.4884,
      "60+": 233.2395,
      "70+": 273.9933,
      "80+": 314.7471
    },
    "bonusKey": "recharge",
    "bonusData": {
      "1": 11.52,
      "20": 20.479104,
      "40": 29.43936,
      "50": 33.919488,
      "60": 38.399616,
      "70": 42.879744,
      "80": 47.359871999999996,
      "90": 51.84,
      "20+": 20.479104,
      "40+": 29.43936,
      "50+": 33.919488,
      "60+": 38.399616,
      "70+": 42.879744,
      "80+": 47.359871999999996
    }
  },
  "materials": {
    "weapon": "急板涡流",
    "monster": "特制镣环"
  },
  "affixData": {
    "text": "施放共鸣技能时，若角色生命低于$[0]，回复角色$[1]生命值，每$[2]秒可触发$[3]次；若角色生命高于$[4]，则攻击提升$[5]，持续$[6]秒。",
    "datas": [
      [
        "60%",
        "60%",
        "60%",
        "60%",
        "60%"
      ],
      [
        "5%",
        "6.25%",
        "7.5%",
        "8.75%",
        "10%"
      ],
      [
        "8",
        "8",
        "8",
        "8",
        "8"
      ],
      [
        "1",
        "1",
        "1",
        "1",
        "1"
      ],
      [
        "60%",
        "60%",
        "60%",
        "60%",
        "60%"
      ],
      [
        "12%",
        "15%",
        "18%",
        "21%",
        "24%"
      ],
      [
        "10",
        "10",
        "10",
        "10",
        "10"
      ]
    ]
  }
}