{
  "id": "21030013",
  "name": "暗夜佩枪·暗星",
  "affixTitle": "无归",
  "star": 3,
  "desc": "夜归常用佩枪，经过历代军士改进，如今是战场上最常见的武器。“穿越长夜，胜利归来”不仅是必胜的决心，更是守护的誓言。",
  "attr": {
    "atk": {
      "1": 26,
      "20": 67.6286,
      "40": 128.7806,
      "50": 168.025,
      "60": 207.2694,
      "70": 246.5112,
      "80": 285.7556,
      "90": 325,
      "20+": 84.9602,
      "40+": 146.1148,
      "50+": 185.3592,
      "60+": 224.601,
      "70+": 263.8454,
      "80+": 303.0898
    },
    "bonusKey": "atkPct",
    "bonusData": {
      "1": 5.400000140070915,
      "20": 9.599580249004067,
      "40": 13.799700357951226,
      "50": 15.8997604124248,
      "60": 17.99982046689838,
      "70": 20.09988052137196,
      "80": 22.199940575845538,
      "90": 24.30000063031912,
      "20+": 9.599580249004067,
      "40+": 13.799700357951226,
      "50+": 15.8997604124248,
      "60+": 17.99982046689838,
      "70+": 20.09988052137196,
      "80+": 22.199940575845538
    }
  },
  "materials": {
    "weapon": "高纯晶化燃素",
    "monster": "特制镣环"
  },
  "affixData": {
    "text": "施放变奏技能时，攻击提升$[0]，持续$[1]秒。",
    "datas": [
      [
        "8%",
        "10%",
        "12%",
        "14%",
        "16%"
      ],
      [
        "10",
        "10",
        "10",
        "10",
        "10"
      ]
    ]
  }
}