{
  "id": "21050024",
  "name": "奇幻变奏",
  "affixTitle": "咏叹之音",
  "star": 4,
  "desc": "以乐谱频率为灵感创作的音感仪。音阶下行，手持此器，将以洞悉之态寻觅战策，协奏就此变调。",
  "attr": {
    "atk": {
      "1": 27,
      "20": 70.2297,
      "40": 133.7337,
      "50": 174.4875,
      "60": 215.2413,
      "70": 255.9924,
      "80": 296.7462,
      "90": 337.5,
      "20+": 88.2279,
      "40+": 151.7346,
      "50+": 192.4884,
      "60+": 233.2395,
      "70+": 273.9933,
      "80+": 314.7471
    },
    "bonusKey": "recharge",
    "bonusData": {
      "1": 11.52,
      "20": 20.479104,
      "40": 29.43936,
      "50": 33.919488,
      "60": 38.399616,
      "70": 42.879744,
      "80": 47.359871999999996,
      "90": 51.84,
      "20+": 20.479104,
      "40+": 29.43936,
      "50+": 33.919488,
      "60+": 38.399616,
      "70+": 42.879744,
      "80+": 47.359871999999996
    }
  },
  "materials": {
    "weapon": "急板涡流",
    "monster": "特制镣环"
  },
  "affixData": {
    "text": "施放共鸣技能时，回复$[0]点协奏能量，每$[1]秒可触发$[2]次。",
    "datas": [
      [
        "8",
        "10",
        "12",
        "14",
        "16"
      ],
      [
        "20",
        "20",
        "20",
        "20",
        "20"
      ],
      [
        "1",
        "1",
        "1",
        "1",
        "1"
      ]
    ]
  }
}