{
  "id": "21010045",
  "name": "源能机锋",
  "affixTitle": "拓界者",
  "star": 5,
  "desc": "深空联合「共生武装」系列，型号-SCSA-LHRi-BB325042-刃身采用隧者生物化构件与黑石复合工艺制造，实现「频率自适应」与「使用者绑定」两项核心特性。「共生武装」的性能上限取决于使用者的异能力，通过对异能力的训练与开发，可进一步提升武装的输出表现。刃面的光谱随使用者频率流转而流变，将理性化作研精殚力之势，既是割裂障碍的工具，也是开辟未知的尺规，适合以一力当先的拓界者。",
  "attr": {
    "atk": {
      "1": 47,
      "20": 122.2517,
      "40": 232.7957,
      "50": 303.7375,
      "60": 374.6793,
      "70": 445.6164,
      "80": 516.5582,
      "90": 587.5,
      "20+": 153.5819,
      "40+": 264.1306,
      "50+": 335.0724,
      "60+": 406.0095,
      "70+": 476.9513,
      "80+": 547.8931
    },
    "bonusKey": "cdmg",
    "bonusData": {
      "1": 10.8,
      "20": 19.19916,
      "40": 27.599400000000003,
      "50": 31.799520000000005,
      "60": 35.99964,
      "70": 40.199760000000005,
      "80": 44.39988,
      "90": 48.6,
      "20+": 19.19916,
      "40+": 27.599400000000003,
      "50+": 31.799520000000005,
      "60+": 35.99964,
      "70+": 40.199760000000005,
      "80+": 44.39988
    }
  },
  "materials": {
    "weapon": "全频切削晶块",
    "monster": "完整隧体绳链"
  },
  "affixData": {
    "text": "攻击提升$[0]。对处于【集谐·干涉】状态的敌人造成伤害后，共鸣解放伤害加成提升$[1]，持续$[2]秒，重复触发时刷新持续时间。",
    "datas": [
      [
        "12%",
        "15%",
        "18%",
        "21%",
        "24%"
      ],
      [
        "24%",
        "27%",
        "30%",
        "33%",
        "36%"
      ],
      [
        "3",
        "3",
        "3",
        "3",
        "3"
      ]
    ]
  }
}