{
  "id": 21050074,
  "name": "清音",
  "affixTitle": "刚柔并出",
  "star": 4,
  "desc": "此音感仪是瑝珑一州令尹就任仪式上使用的典礼武器，黄金银杏叶花纹代表了瑝珑应如银杏一般，虽孑遗世上，却依旧繁荣长存。",
  "attr": {
    "atk": {
      "1": 33,
      "20": 85.8363,
      "40": 163.4523,
      "50": 213.2625,
      "60": 263.0727,
      "70": 312.8796,
      "80": 362.6898,
      "90": 412.5,
      "20+": 107.8341,
      "40+": 185.4534,
      "50+": 235.2636,
      "60+": 285.0705,
      "70+": 334.8807,
      "80+": 384.6909
    },
    "bonusKey": "cpct",
    "bonusData": {
      "1": 4.5,
      "20": 7.999650000000001,
      "40": 11.499749999999999,
      "50": 13.2498,
      "60": 14.999849999999999,
      "70": 16.7499,
      "80": 18.49995,
      "90": 20.25,
      "20+": 7.999650000000001,
      "40+": 11.499749999999999,
      "50+": 13.2498,
      "60+": 14.999849999999999,
      "70+": 16.7499,
      "80+": 18.49995
    }
  },
  "materials": {
    "weapon": "急板涡流",
    "monster": "特制镣环"
  },
  "affixData": {
    "text": "施放共鸣解放时，自身攻击提升$[0]，持续$[1]秒。",
    "datas": [
      [
        "15%",
        "23.25%",
        "31.5%",
        "39.75%",
        "48%"
      ],
      [
        "15",
        "15",
        "15",
        "15",
        "15"
      ]
    ]
  }
}