{
  "id": 21010020,
  "name": "教学长刃",
  "affixTitle": "刻苦",
  "star": 1,
  "desc": "用于训练与教学的长刃，只具备基础的功能。",
  "attr": {
    "atk": {
      "1": 20,
      "20": 52.022,
      "40": 99.062,
      "50": 129.25,
      "60": 159.438,
      "70": 189.624,
      "80": 219.812,
      "90": 250,
      "20+": 65.354,
      "40+": 112.396,
      "50+": 142.584,
      "60+": 172.77,
      "70+": 202.958,
      "80+": 233.146
    },
    "bonusKey": "atkPct",
    "bonusData": {
      "1": 2.549999952316284,
      "20": 4.533134915232658,
      "40": 6.516524878144264,
      "50": 7.508219859600067,
      "60": 8.499914841055869,
      "70": 9.491609822511673,
      "80": 10.483304803967476,
      "90": 11.474999785423279,
      "20+": 4.533134915232658,
      "40+": 6.516524878144264,
      "50+": 7.508219859600067,
      "60+": 8.499914841055869,
      "70+": 9.491609822511673,
      "80+": 10.483304803967476
    }
  },
  "materials": {
    "weapon": "海蚀嵌合体239",
    "monster": "全频呓语声核"
  },
  "affixData": {
    "text": "攻击提升$[0]。",
    "datas": [
      [
        "4%",
        "5%",
        "6%",
        "7%",
        "8%"
      ]
    ]
  }
}