{
  "id": "21040046",
  "name": "万物持存的注释",
  "affixTitle": "昼月缀界",
  "star": 5,
  "desc": "万物以何持存？以光热、以实质、以言语，以推演偶合的运作，以破碎沉没的轻吻，以仿佛永续的瞬间……万物往复更迭，均有各自的注解，而她的，就在此处，就握在自己手中。",
  "attr": {
    "atk": {
      "1": 40,
      "20": 104.044,
      "40": 198.124,
      "50": 258.5,
      "60": 318.876,
      "70": 379.248,
      "80": 439.624,
      "90": 500,
      "20+": 130.708,
      "40+": 224.792,
      "50+": 285.168,
      "60+": 345.54,
      "70+": 405.916,
      "80+": 466.292
    },
    "bonusKey": "cpct",
    "bonusData": {
      "1": 8,
      "20": 14.2216,
      "40": 20.444000000000003,
      "50": 23.5552,
      "60": 26.6664,
      "70": 29.777600000000003,
      "80": 32.8888,
      "90": 36,
      "20+": 14.2216,
      "40+": 20.444000000000003,
      "50+": 23.5552,
      "60+": 26.6664,
      "70+": 29.777600000000003,
      "80+": 32.8888
    }
  },
  "materials": {
    "weapon": "声律花蕾",
    "monster": "全频啸叫声核"
  },
  "affixData": {
    "text": "攻击提升$[0]。 施放变奏技能或共鸣解放时，共鸣解放伤害提升$[1]，持续$[2]秒。 自身获得护盾时：共鸣解放伤害无视目标$[3]防御，每$[4]秒可生效1次，可叠加$[5]层，持续$[6]秒；施放变奏技能时，无视目标防御的效果视为满层，持续$[7]秒。",
    "datas": [
      [
        "12%",
        "15%",
        "18%",
        "21%",
        "24%"
      ],
      [
        "20%",
        "25%",
        "30%",
        "35%",
        "40%"
      ],
      [
        "15",
        "15",
        "15",
        "15",
        "15"
      ],
      [
        "7.2%",
        "8.4%",
        "9.6%",
        "10.8%",
        "12.0%"
      ],
      [
        "0.5",
        "0.5",
        "0.5",
        "0.5",
        "0.5"
      ],
      [
        "5",
        "5",
        "5",
        "5",
        "5"
      ],
      [
        "7",
        "7",
        "7",
        "7",
        "7"
      ],
      [
        "3",
        "3",
        "3",
        "3",
        "3"
      ]
    ]
  }
}