{
  "id": "21040053",
  "name": "戍关臂铠·拔山",
  "affixTitle": "众力",
  "star": 3,
  "desc": "初代今州令尹为纪念守住边关、帮助建城的神秘人，根据其指导打造出戍关系列。如今，它已成为新型武器研发绕不开的基石。",
  "attr": {
    "atk": {
      "1": 24,
      "20": 62.4264,
      "40": 118.8744,
      "50": 155.1,
      "60": 191.3256,
      "70": 227.5488,
      "80": 263.7744,
      "90": 300,
      "20+": 78.4248,
      "40+": 134.8752,
      "50+": 171.1008,
      "60+": 207.324,
      "70+": 243.5496,
      "80+": 279.7752
    },
    "bonusKey": "atkPct",
    "bonusData": {
      "1": 8.550000190734863,
      "20": 15.199335339069368,
      "40": 21.849525487422945,
      "50": 25.17462056159973,
      "60": 28.499715635776518,
      "70": 31.82481070995331,
      "80": 35.1499057841301,
      "90": 38.475000858306885,
      "20+": 15.199335339069368,
      "40+": 21.849525487422945,
      "50+": 25.17462056159973,
      "60+": 28.499715635776518,
      "70+": 31.82481070995331,
      "80+": 35.1499057841301
    }
  },
  "materials": {
    "weapon": "声律花蕾",
    "monster": "全频啸叫声核"
  },
  "affixData": {
    "text": "共鸣解放伤害加成提升$[0]。",
    "datas": [
      [
        "12%",
        "15%",
        "18%",
        "21%",
        "24%"
      ]
    ]
  }
}