{
  "id": 21050056,
  "name": "海的呢喃",
  "affixTitle": "在海中",
  "star": 5,
  "desc": "在海中，有人看到星星，有人捞到月亮，也有人听到无数细语和呢喃。那些呢喃沁入她的毒里，流淌过每一条蜿蜒的河流。最后，那些呢喃将她包裹，像水母的伞，像海。",
  "attr": {
    "atk": {
      "1": 40,
      "20": 104.044,
      "40": 198.124,
      "50": 258.5,
      "60": 318.876,
      "70": 379.248,
      "80": 439.624,
      "90": 500,
      "20+": 130.708,
      "40+": 224.792,
      "50+": 285.168,
      "60+": 345.54,
      "70+": 405.916,
      "80+": 466.292
    },
    "bonusKey": "cdmg",
    "bonusData": {
      "1": 16,
      "20": 28.4432,
      "40": 40.888000000000005,
      "50": 47.1104,
      "60": 53.3328,
      "70": 59.555200000000006,
      "80": 65.7776,
      "90": 72,
      "20+": 28.4432,
      "40+": 40.888000000000005,
      "50+": 47.1104,
      "60+": 53.3328,
      "70+": 59.555200000000006,
      "80+": 65.7776
    }
  },
  "materials": {
    "weapon": "急板涡流",
    "monster": "特制镣环"
  },
  "affixData": {
    "text": "攻击提升$[0]。施放变奏技能或普攻后$[1]秒内，施放声骸技能时，获得$[2]层【柔软的梦】，同名声骸只可触发一次，最多可叠加$[3]层，持续$[4]秒，叠加至2层后施放声骸技能不刷新持续时间。该效果10秒内最多生效1次，若切换至其他角色则该效果提前结束。\n第$[5]层：普攻伤害加成提升$[6]；\n第$[7]层：无视目标$[8]湮灭属性抗性。",
    "datas": [
      [
        "12%",
        "15%",
        "18%",
        "21%",
        "24%"
      ],
      [
        "10",
        "10",
        "10",
        "10",
        "10"
      ],
      [
        "1",
        "1",
        "1",
        "1",
        "1"
      ],
      [
        "2",
        "2",
        "2",
        "2",
        "2"
      ],
      [
        "10",
        "10",
        "10",
        "10",
        "10"
      ],
      [
        "1",
        "1",
        "1",
        "1",
        "1"
      ],
      [
        "40%",
        "50%",
        "60%",
        "70%",
        "80%"
      ],
      [
        "2",
        "2",
        "2",
        "2",
        "2"
      ],
      [
        "12%",
        "15%",
        "18%",
        "21%",
        "24%"
      ]
    ]
  }
}