{
  "id": "21040104",
  "name": "凌空",
  "affixTitle": "狩潮之誓",
  "star": 4,
  "desc": "七丘授予杰出角斗士的臂铠。武器上的雕纹以狩王鹫为原型设计。狩王鹫是天生的猎手，也是七丘人在这片土地上最初的伙伴。这份情谊无需用笔墨锚定，它永不蒙尘，永远如灼日般璀璨高洁。",
  "attr": {
    "atk": {
      "1": 33,
      "20": 85.8363,
      "40": 163.4523,
      "50": 213.2625,
      "60": 263.0727,
      "70": 312.8796,
      "80": 362.6898,
      "90": 412.5,
      "20+": 107.8341,
      "40+": 185.4534,
      "50+": 235.2636,
      "60+": 285.0705,
      "70+": 334.8807,
      "80+": 384.6909
    },
    "bonusKey": "cdmg",
    "bonusData": {
      "1": 9,
      "20": 15.999300000000002,
      "40": 22.999499999999998,
      "50": 26.4996,
      "60": 29.999699999999997,
      "70": 33.4998,
      "80": 36.9999,
      "90": 40.5,
      "20+": 15.999300000000002,
      "40+": 22.999499999999998,
      "50+": 26.4996,
      "60+": 29.999699999999997,
      "70+": 33.4998,
      "80+": 36.9999
    }
  },
  "materials": {
    "weapon": "声律花蕾",
    "monster": "全频啸叫声核"
  },
  "affixData": {
    "text": "施放共鸣解放时，攻击提升$[0]，共鸣解放伤害加成提升$[1]，持续$[2]秒。",
    "datas": [
      [
        "7.2%",
        "11.16%",
        "15.12%",
        "19.08%",
        "23.04%"
      ],
      [
        "10.8%",
        "16.74%",
        "22.68%",
        "28.62%",
        "34.56%"
      ],
      [
        "15",
        "15",
        "15",
        "15",
        "15"
      ]
    ]
  }
}