{
  "id": 21040034,
  "name": "钢影拳-21丁型",
  "affixTitle": "谋定入微",
  "star": 4,
  "desc": "华胥研究院在此前源能武器的基础上进行自主改进、研发的第一套极具实用性的高性能臂铠，代表着研究院的关怀与温情，稳固持久。",
  "attr": {
    "atk": {
      "1": 31,
      "20": 80.6341,
      "40": 153.5461,
      "50": 200.3375,
      "60": 247.1289,
      "70": 293.9172,
      "80": 340.7086,
      "90": 387.5,
      "20+": 101.2987,
      "40+": 174.2138,
      "50+": 221.0052,
      "60+": 267.7935,
      "70+": 314.5849,
      "80+": 361.3763
    },
    "bonusKey": "recharge",
    "bonusData": {
      "1": 8.64,
      "20": 15.359328000000001,
      "40": 22.079520000000002,
      "50": 25.439616,
      "60": 28.799712,
      "70": 32.159808,
      "80": 35.519904000000004,
      "90": 38.88,
      "20+": 15.359328000000001,
      "40+": 22.079520000000002,
      "50+": 25.439616,
      "60+": 28.799712,
      "70+": 32.159808,
      "80+": 35.519904000000004
    }
  },
  "materials": {
    "weapon": "声律花蕾",
    "monster": "全频啸叫声核"
  },
  "affixData": {
    "text": "闪避或冲刺时，攻击提升$[0]，闪避反击造成的伤害提升$[1]，持续$[2]秒。施放闪避反击时，回复角色$[3]生命，每$[4]秒可触发$[5]次。",
    "datas": [
      [
        "8%",
        "10%",
        "12%",
        "14%",
        "16%"
      ],
      [
        "50%",
        "62.5%",
        "75%",
        "87.5%",
        "100%"
      ],
      [
        "8",
        "8",
        "8",
        "8",
        "8"
      ],
      [
        "5%",
        "6.25%",
        "7.5%",
        "8.75%",
        "10%"
      ],
      [
        "6",
        "6",
        "6",
        "6",
        "6"
      ],
      [
        "1",
        "1",
        "1",
        "1",
        "1"
      ]
    ]
  }
}