{
  "id": "21050046",
  "name": "和光回唱",
  "affixTitle": "衔枝者赞诗",
  "star": 5,
  "desc": "「岁主恩典，何等甘甜，家园今得寻见；衔枝踏浪，以爱相连，圣辉化作冠冕。」",
  "attr": {
    "atk": {
      "1": 40,
      "20": 104.044,
      "40": 198.124,
      "50": 258.5,
      "60": 318.876,
      "70": 379.248,
      "80": 439.624,
      "90": 500,
      "20+": 130.708,
      "40+": 224.792,
      "50+": 285.168,
      "60+": 345.54,
      "70+": 405.916,
      "80+": 466.292
    },
    "bonusKey": "cpct",
    "bonusData": {
      "1": 8,
      "20": 14.2216,
      "40": 20.444000000000003,
      "50": 23.5552,
      "60": 26.6664,
      "70": 29.777600000000003,
      "80": 32.8888,
      "90": 36,
      "20+": 14.2216,
      "40+": 20.444000000000003,
      "50+": 23.5552,
      "60+": 26.6664,
      "70+": 29.777600000000003,
      "80+": 32.8888
    }
  },
  "materials": {
    "weapon": "急板涡流",
    "monster": "特制镣环"
  },
  "affixData": {
    "text": "攻击提升$[0]。对附加了【光噪效应】的目标造成伤害时，自身普攻、重击伤害加成提升$[1]，可以叠加$[2]层，持续$[3]秒。施放延奏技能时，使队伍中登场角色周围的目标受到【光噪效应】伤害加深$[4]，持续$[5]秒，同名效果之间不可叠加。",
    "datas": [
      [
        "12%",
        "15%",
        "18%",
        "21%",
        "24%"
      ],
      [
        "14%",
        "17.5%",
        "21%",
        "24.5%",
        "28%"
      ],
      [
        "3",
        "3",
        "3",
        "3",
        "3"
      ],
      [
        "6",
        "6",
        "6",
        "6",
        "6"
      ],
      [
        "30%",
        "37.5%",
        "45%",
        "52.5%",
        "60%"
      ],
      [
        "30",
        "30",
        "30",
        "30",
        "30"
      ]
    ]
  }
}