{
  "id": "21040043",
  "name": "远行者臂铠·破障",
  "affixTitle": "远涉",
  "star": 3,
  "desc": "先行公约为远行者提供的臂铠，色泽鲜明，不易丢失，质地坚硬，能长期应对多种极端环境，在探险家群体中极受欢迎。",
  "attr": {
    "atk": {
      "1": 26,
      "20": 67.6286,
      "40": 128.7806,
      "50": 168.025,
      "60": 207.2694,
      "70": 246.5112,
      "80": 285.7556,
      "90": 325,
      "20+": 84.9602,
      "40+": 146.1148,
      "50+": 185.3592,
      "60+": 224.601,
      "70+": 263.8454,
      "80+": 303.0898
    },
    "bonusKey": "atkPct",
    "bonusData": {
      "1": 6.840000301599503,
      "20": 12.159468536153435,
      "40": 17.47962077073753,
      "50": 20.139696888029576,
      "60": 22.799773005321622,
      "70": 25.45984912261367,
      "80": 28.11992523990571,
      "90": 30.78000135719776,
      "20+": 12.159468536153435,
      "40+": 17.47962077073753,
      "50+": 20.139696888029576,
      "60+": 22.799773005321622,
      "70+": 25.45984912261367,
      "80+": 28.11992523990571
    }
  },
  "materials": {
    "weapon": "声律花蕾",
    "monster": "全频啸叫声核"
  },
  "affixData": {
    "text": "施放共鸣技能时，回复$[0]点共鸣能量，每$[1]秒可触发$[2]次。",
    "datas": [
      [
        "8",
        "9",
        "10",
        "11",
        "12"
      ],
      [
        "20",
        "20",
        "20",
        "20",
        "20"
      ],
      [
        "1",
        "1",
        "1",
        "1",
        "1"
      ]
    ]
  }
}