{
  "id": "21050016",
  "name": "掣傀之手",
  "affixTitle": "密电增幅",
  "star": 5,
  "desc": "金掌张开，绳索引动，凌空天象凝集其中，所向之敌会被无形的气势所压迫而无法动作，千束疾电造成的伤痕将永远无法愈合。",
  "attr": {
    "atk": {
      "1": 40,
      "20": 104.044,
      "40": 198.124,
      "50": 258.5,
      "60": 318.876,
      "70": 379.248,
      "80": 439.624,
      "90": 500,
      "20+": 130.708,
      "40+": 224.792,
      "50+": 285.168,
      "60+": 345.54,
      "70+": 405.916,
      "80+": 466.292
    },
    "bonusKey": "cpct",
    "bonusData": {
      "1": 8,
      "20": 14.2216,
      "40": 20.444000000000003,
      "50": 23.5552,
      "60": 26.6664,
      "70": 29.777600000000003,
      "80": 32.8888,
      "90": 36,
      "20+": 14.2216,
      "40+": 20.444000000000003,
      "50+": 23.5552,
      "60+": 26.6664,
      "70+": 29.777600000000003,
      "80+": 32.8888
    }
  },
  "materials": {
    "weapon": "急板涡流",
    "monster": "特制镣环"
  },
  "affixData": {
    "text": "全属性伤害加成提升$[0]。造成共鸣技能伤害时，自身攻击提升$[1]，可叠加$[2]层，效果持续$[3]秒。自身不在场时，该效果攻击额外提升$[4]。",
    "datas": [
      [
        "12%",
        "15%",
        "18%",
        "21%",
        "24%"
      ],
      [
        "12%",
        "15%",
        "18%",
        "21%",
        "24%"
      ],
      [
        "2",
        "2",
        "2",
        "2",
        "2"
      ],
      [
        "5",
        "5",
        "5",
        "5",
        "5"
      ],
      [
        "12%",
        "15%",
        "18%",
        "21%",
        "24%"
      ]
    ]
  }
}