{
  "id": "21050066",
  "name": "幽冥的忘忧章",
  "affixTitle": "安魂曲",
  "star": 5,
  "desc": "我不在那里，也没有死去。我将追随死亡，用享受掩盖恐惧，以未来换回过去。",
  "attr": {
    "atk": {
      "1": 47,
      "20": 122.2517,
      "40": 232.7957,
      "50": 303.7375,
      "60": 374.6793,
      "70": 445.6164,
      "80": 516.5582,
      "90": 587.5,
      "20+": 153.5819,
      "40+": 264.1306,
      "50+": 335.0724,
      "60+": 406.0095,
      "70+": 476.9513,
      "80+": 547.8931
    },
    "bonusKey": "cpct",
    "bonusData": {
      "1": 5.4,
      "20": 9.59958,
      "40": 13.799700000000001,
      "50": 15.899760000000002,
      "60": 17.99982,
      "70": 20.099880000000002,
      "80": 22.19994,
      "90": 24.3,
      "20+": 9.59958,
      "40+": 13.799700000000001,
      "50+": 15.899760000000002,
      "60+": 17.99982,
      "70+": 20.099880000000002,
      "80+": 22.19994
    }
  },
  "materials": {
    "weapon": "急板涡流",
    "monster": "特制镣环"
  },
  "affixData": {
    "text": "攻击提升$[0]。造成声骸技能伤害后$[1]秒内，共鸣技能伤害加成提升$[2]，声骸技能伤害加深$[3]，且造成伤害时无视目标$[4]防御。",
    "datas": [
      [
        "12%",
        "15%",
        "18%",
        "21%",
        "24%"
      ],
      [
        "12",
        "12",
        "12",
        "12",
        "12"
      ],
      [
        "32%",
        "40%",
        "48%",
        "56%",
        "64%"
      ],
      [
        "32%",
        "40%",
        "48%",
        "56%",
        "64%"
      ],
      [
        "8%",
        "10%",
        "12%",
        "14%",
        "16%"
      ]
    ]
  }
}