{
  "id": "21020034",
  "name": "瞬斩刀-18型",
  "affixTitle": "踔时之进",
  "star": 4,
  "desc": "华胥研究院在此前源能武器的基础上进行自主改进、研发的第一把极具实用性的高性能迅刀，代表着研究院的过往与发展，历久弥新。",
  "attr": {
    "atk": {
      "1": 31,
      "20": 80.6341,
      "40": 153.5461,
      "50": 200.3375,
      "60": 247.1289,
      "70": 293.9172,
      "80": 340.7086,
      "90": 387.5,
      "20+": 101.2987,
      "40+": 174.2138,
      "50+": 221.0052,
      "60+": 267.7935,
      "70+": 314.5849,
      "80+": 361.3763
    },
    "bonusKey": "atkPct",
    "bonusData": {
      "1": 8.100000023841858,
      "20": 14.399370042383671,
      "40": 20.69955006092787,
      "50": 23.849640070199968,
      "60": 26.999730079472066,
      "70": 30.14982008874416,
      "80": 33.29991009801626,
      "90": 36.45000010728836,
      "20+": 14.399370042383671,
      "40+": 20.69955006092787,
      "50+": 23.849640070199968,
      "60+": 26.999730079472066,
      "70+": 30.14982008874416,
      "80+": 33.29991009801626
    }
  },
  "materials": {
    "weapon": "异构金属液滴",
    "monster": "全频啸叫声核"
  },
  "affixData": {
    "text": "生命低于$[0]时，重击伤害加成提升$[1]，造成重击伤害时回复当前角色$[2]生命值，每$[3]秒可触发$[4]次。",
    "datas": [
      [
        "40%",
        "50%",
        "60%",
        "70%",
        "80%"
      ],
      [
        "18%",
        "22.5%",
        "27%",
        "31.5%",
        "36%"
      ],
      [
        "5%",
        "6.25%",
        "7.5%",
        "8.75%",
        "10%"
      ],
      [
        "8",
        "8",
        "8",
        "8",
        "8"
      ],
      [
        "1",
        "1",
        "1",
        "1",
        "1"
      ]
    ]
  }
}