{
  "id": "21020036",
  "name": "不灭航路",
  "affixTitle": "欢笑海",
  "star": 5,
  "desc": "狂风呼啸，浪涛汹涌。大海将一切吞没其中，唯有船灯大笑！前进吧，前进吧！一直航行到世界尽头！",
  "attr": {
    "atk": {
      "1": 33,
      "20": 85.8363,
      "40": 163.4523,
      "50": 213.2625,
      "60": 263.0727,
      "70": 312.8796,
      "80": 362.6898,
      "90": 412.5,
      "20+": 107.8341,
      "40+": 185.4534,
      "50+": 235.2636,
      "60+": 285.0705,
      "70+": 334.8807,
      "80+": 384.6909
    },
    "bonusKey": "recharge",
    "bonusData": {
      "1": 17.12,
      "20": 30.434224,
      "40": 43.750159999999994,
      "50": 50.408128,
      "60": 57.066096,
      "70": 63.724064,
      "80": 70.382032,
      "90": 77.04,
      "20+": 30.434224,
      "40+": 43.750159999999994,
      "50+": 50.408128,
      "60+": 57.066096,
      "70+": 63.724064,
      "80+": 70.382032
    }
  },
  "materials": {
    "weapon": "异构金属液滴",
    "monster": "全频啸叫声核"
  },
  "affixData": {
    "text": "暴击提升$[0]。施放共鸣解放后，普攻伤害加成提高$[1]，持续$[2]秒。造成普攻伤害时，普攻伤害加成提升$[3]，持续$[4]秒。",
    "datas": [
      [
        "8%",
        "10%",
        "12%",
        "14%",
        "16%"
      ],
      [
        "24%",
        "30%",
        "36%",
        "42%",
        "48%"
      ],
      [
        "10",
        "10",
        "10",
        "10",
        "10"
      ],
      [
        "24%",
        "30%",
        "36%",
        "42%",
        "48%"
      ],
      [
        "4",
        "4",
        "4",
        "4",
        "4"
      ]
    ]
  }
}