{
  "id": "21010015",
  "name": "浩境粼光",
  "affixTitle": "扬波无止",
  "star": 5,
  "desc": "凝视它——在凛冽的刃锋之中，仿佛能看到微风骤起，那片无止尽的湖水泛起阵阵冰寒粼光。忘我地挥舞这把长刃，便能感觉到如水般清澈的刀身中积蓄的能量。",
  "attr": {
    "atk": {
      "1": 47,
      "20": 122.2517,
      "40": 232.7957,
      "50": 303.7375,
      "60": 374.6793,
      "70": 445.6164,
      "80": 516.5582,
      "90": 587.5,
      "20+": 153.5819,
      "40+": 264.1306,
      "50+": 335.0724,
      "60+": 406.0095,
      "70+": 476.9513,
      "80+": 547.8931
    },
    "bonusKey": "atkPct",
    "bonusData": {
      "1": 8.100000023841858,
      "20": 14.399370042383671,
      "40": 20.69955006092787,
      "50": 23.849640070199968,
      "60": 26.999730079472066,
      "70": 30.14982008874416,
      "80": 33.29991009801626,
      "90": 36.45000010728836,
      "20+": 14.399370042383671,
      "40+": 20.69955006092787,
      "50+": 23.849640070199968,
      "60+": 26.999730079472066,
      "70+": 30.14982008874416,
      "80+": 33.29991009801626
    }
  },
  "materials": {
    "weapon": "海蚀嵌合体239",
    "monster": "全频呓语声核"
  },
  "affixData": {
    "text": "共鸣效率提升$[0]。施放共鸣技能时，共鸣解放伤害加成提升$[1]，可叠加$[2]层，持续$[3]秒。",
    "datas": [
      [
        "12.8%",
        "16%",
        "19.2%",
        "22.4%",
        "25.6%"
      ],
      [
        "7%",
        "8.75%",
        "10.5%",
        "12.25%",
        "14%"
      ],
      [
        "3",
        "3",
        "3",
        "3",
        "3"
      ],
      [
        "12",
        "12",
        "12",
        "12",
        "12"
      ]
    ]
  }
}