{
  "id": "21050104",
  "name": "曜光",
  "affixTitle": "狩潮之誓",
  "star": 4,
  "desc": "七丘授予杰出角斗士的音感仪。武器上的雕纹以狩王鹫为原型设计。狩王鹫是天生的猎手，也是七丘人在这片土地上最初的伙伴。这份情谊无需用笔墨锚定，它永不蒙尘，永远如灼日般璀璨高洁。",
  "attr": {
    "atk": {
      "1": 33,
      "20": 85.8363,
      "40": 163.4523,
      "50": 213.2625,
      "60": 263.0727,
      "70": 312.8796,
      "80": 362.6898,
      "90": 412.5,
      "20+": 107.8341,
      "40+": 185.4534,
      "50+": 235.2636,
      "60+": 285.0705,
      "70+": 334.8807,
      "80+": 384.6909
    },
    "bonusKey": "cdmg",
    "bonusData": {
      "1": 9,
      "20": 15.999300000000002,
      "40": 22.999499999999998,
      "50": 26.4996,
      "60": 29.999699999999997,
      "70": 33.4998,
      "80": 36.9999,
      "90": 40.5,
      "20+": 15.999300000000002,
      "40+": 22.999499999999998,
      "50+": 26.4996,
      "60+": 29.999699999999997,
      "70+": 33.4998,
      "80+": 36.9999
    }
  },
  "materials": {
    "weapon": "急板涡流",
    "monster": "特制镣环"
  },
  "affixData": {
    "text": "施放共鸣技能时，攻击和普攻伤害加成提升$[0]，持续$[1]秒。",
    "datas": [
      [
        "9%",
        "13.95%",
        "18.9%",
        "23.85%",
        "28.8%"
      ],
      [
        "10",
        "10",
        "10",
        "10",
        "10"
      ]
    ]
  }
}