{
  "id": "21020044",
  "name": "不归孤军",
  "affixTitle": "一往无前",
  "star": 4,
  "desc": "为纪念夜归战士的一往无前而打造的迅刀。有诗赞曰：“千音万阙传惊鼓，百兵一心出云陵。”",
  "attr": {
    "atk": {
      "1": 33,
      "20": 85.8363,
      "40": 163.4523,
      "50": 213.2625,
      "60": 263.0727,
      "70": 312.8796,
      "80": 362.6898,
      "90": 412.5,
      "20+": 107.8341,
      "40+": 185.4534,
      "50+": 235.2636,
      "60+": 285.0705,
      "70+": 334.8807,
      "80+": 384.6909
    },
    "bonusKey": "atkPct",
    "bonusData": {
      "1": 6.7500002682209015,
      "20": 11.999475476816295,
      "40": 17.249625685438513,
      "50": 19.87470078974962,
      "60": 22.49977589406073,
      "70": 25.12485099837184,
      "80": 27.74992610268295,
      "90": 30.375001206994057,
      "20+": 11.999475476816295,
      "40+": 17.249625685438513,
      "50+": 19.87470078974962,
      "60+": 22.49977589406073,
      "70+": 25.12485099837184,
      "80+": 27.74992610268295
    }
  },
  "materials": {
    "weapon": "异构金属液滴",
    "monster": "全频啸叫声核"
  },
  "affixData": {
    "text": "施放变奏技能时，自身攻击提升$[0]。持续$[1]秒。",
    "datas": [
      [
        "15%",
        "18.75%",
        "22.5%",
        "26.25%",
        "30%"
      ],
      [
        "15",
        "15",
        "15",
        "15",
        "15"
      ]
    ]
  }
}