{
  "id": "21050015",
  "name": "漪澜浮录",
  "affixTitle": "浮波万顷",
  "star": 5,
  "desc": "触碰它——在冰寒的矩阵之间，仿佛能触碰到围绕在天地之间的那片湖，它将指引你找到一切答案。怀抱此音感仪，消灭所有阻挡在你与真理之间的敌人。",
  "attr": {
    "atk": {
      "1": 40,
      "20": 104.044,
      "40": 198.124,
      "50": 258.5,
      "60": 318.876,
      "70": 379.248,
      "80": 439.624,
      "90": 500,
      "20+": 130.708,
      "40+": 224.792,
      "50+": 285.168,
      "60+": 345.54,
      "70+": 405.916,
      "80+": 466.292
    },
    "bonusKey": "atkPct",
    "bonusData": {
      "1": 11.999999731779099,
      "20": 21.332399523183703,
      "40": 30.66599931456149,
      "50": 35.33279921025038,
      "60": 39.99959910593927,
      "70": 44.66639900162816,
      "80": 49.333198897317054,
      "90": 53.99999879300594,
      "20+": 21.332399523183703,
      "40+": 30.66599931456149,
      "50+": 35.33279921025038,
      "60+": 39.99959910593927,
      "70+": 44.66639900162816,
      "80+": 49.333198897317054
    }
  },
  "materials": {
    "weapon": "急板涡流",
    "monster": "特制镣环"
  },
  "affixData": {
    "text": "共鸣效率提升$[0]。造成普攻伤害时，普攻伤害加成提升$[1]，可叠加$[2]层，持续$[3]秒，每$[4]秒可触发$[5]次。",
    "datas": [
      [
        "12.8%",
        "16%",
        "19.2%",
        "22.4%",
        "25.6%"
      ],
      [
        "3.2%",
        "4%",
        "4.8%",
        "5.6%",
        "6.4%"
      ],
      [
        "5",
        "5",
        "5",
        "5",
        "5"
      ],
      [
        "8",
        "8",
        "8",
        "8",
        "8"
      ],
      [
        "0.5",
        "0.5",
        "0.5",
        "0.5",
        "0.5"
      ],
      [
        "1",
        "1",
        "1",
        "1",
        "1"
      ]
    ]
  }
}