{
  "id": "21040045",
  "name": "脉冲协臂",
  "affixTitle": "攻关者",
  "star": 5,
  "desc": "深空联合「共生武装」系列，型号-SCSA-LHRi-GNTL522152-铠身采用隧者生物化构件与黑石复合工艺制造，实现「频率自适应」与「使用者绑定」的两项核心特性。「共生武装」的性能上限取决于使用者的异能力，通过对异能力的训练与开发，可进一步提升武装的输出表现。铠面的光谱随动能的回收而流变。脉冲协臂能预判使用者的架势，将存储的活性力矩迅速放大并回授至佩戴者，在瞬间给出决定性的助力，适合持重而处变不惊的攻关者。",
  "attr": {
    "atk": {
      "1": 47,
      "20": 122.2517,
      "40": 232.7957,
      "50": 303.7375,
      "60": 374.6793,
      "70": 445.6164,
      "80": 516.5582,
      "90": 587.5,
      "20+": 153.5819,
      "40+": 264.1306,
      "50+": 335.0724,
      "60+": 406.0095,
      "70+": 476.9513,
      "80+": 547.8931
    },
    "bonusKey": "cpct",
    "bonusData": {
      "1": 5.4,
      "20": 9.59958,
      "40": 13.799700000000001,
      "50": 15.899760000000002,
      "60": 17.99982,
      "70": 20.099880000000002,
      "80": 22.19994,
      "90": 24.3,
      "20+": 9.59958,
      "40+": 13.799700000000001,
      "50+": 15.899760000000002,
      "60+": 17.99982,
      "70+": 20.099880000000002,
      "80+": 22.19994
    }
  },
  "materials": {
    "weapon": "全频海蚀碎晶",
    "monster": "全频锐棱声核"
  },
  "affixData": {
    "text": "攻击提升$[0]。对处于【集谐·干涉】状态的敌人造成伤害后，普攻伤害加成提升$[1]，持续$[2]秒，可叠加$[3]层，每$[4]秒触发$[5]次，重复触发时刷新持续时间。",
    "datas": [
      [
        "12%",
        "15%",
        "18%",
        "21%",
        "24%"
      ],
      [
        "6%",
        "6.7%",
        "7.5%",
        "8.2%",
        "9%"
      ],
      [
        "3",
        "3",
        "3",
        "3",
        "3"
      ],
      [
        "4",
        "4",
        "4",
        "4",
        "4"
      ],
      [
        "0.5",
        "0.5",
        "0.5",
        "0.5",
        "0.5"
      ],
      [
        "1",
        "1",
        "1",
        "1",
        "1"
      ]
    ]
  }
}