{
  "id": "21040036",
  "name": "焰光裁定",
  "affixTitle": "破暗者",
  "star": 5,
  "desc": "它宣告报应终至，如钟表般精确、稳定且毫不留情——一切罪愆终将消弭于焰光，如同晨曦逐散夜幕。",
  "attr": {
    "atk": {
      "1": 47,
      "20": 122.2517,
      "40": 232.7957,
      "50": 303.7375,
      "60": 374.6793,
      "70": 445.6164,
      "80": 516.5582,
      "90": 587.5,
      "20+": 153.5819,
      "40+": 264.1306,
      "50+": 335.0724,
      "60+": 406.0095,
      "70+": 476.9513,
      "80+": 547.8931
    },
    "bonusKey": "cdmg",
    "bonusData": {
      "1": 10.8,
      "20": 19.19916,
      "40": 27.599400000000003,
      "50": 31.799520000000005,
      "60": 35.99964,
      "70": 40.199760000000005,
      "80": 44.39988,
      "90": 48.6,
      "20+": 19.19916,
      "40+": 27.599400000000003,
      "50+": 31.799520000000005,
      "60+": 35.99964,
      "70+": 40.199760000000005,
      "80+": 44.39988
    }
  },
  "materials": {
    "weapon": "声律花蕾",
    "monster": "全频啸叫声核"
  },
  "affixData": {
    "text": "攻击提升$[0]。施放普攻时，获得以下效果：自身造成伤害无视目标$[1]防御，同时自身直接造成的【光噪效应】伤害加深$[2]，持续$[3]秒。重复获得时刷新持续时间。",
    "datas": [
      [
        "12%",
        "15%",
        "18%",
        "21%",
        "24%"
      ],
      [
        "8%",
        "10%",
        "12%",
        "14%",
        "16%"
      ],
      [
        "50%",
        "62.5%",
        "75%",
        "87.5%",
        "100%"
      ],
      [
        "6",
        "6",
        "6",
        "6",
        "6"
      ]
    ]
  }
}