{
  "id": 21010036,
  "name": "焰痕",
  "affixTitle": "闪耀星火",
  "star": 5,
  "desc": "幼狼奔于山野，将那些困住自己的阴影尽数抛下；孤狼行于赛场，把那些阻挡自己的难题一一斩断。她夺得胜利；她摘得荣耀；她高举自己的一切；她属于赛场——更属于自己！",
  "attr": {
    "atk": {
      "1": 47,
      "20": 122.2517,
      "40": 232.7957,
      "50": 303.7375,
      "60": 374.6793,
      "70": 445.6164,
      "80": 516.5582,
      "90": 587.5,
      "20+": 153.5819,
      "40+": 264.1306,
      "50+": 335.0724,
      "60+": 406.0095,
      "70+": 476.9513,
      "80+": 547.8931
    },
    "bonusKey": "cdmg",
    "bonusData": {
      "1": 10.8,
      "20": 19.19916,
      "40": 27.599400000000003,
      "50": 31.799520000000005,
      "60": 35.99964,
      "70": 40.199760000000005,
      "80": 44.39988,
      "90": 48.6,
      "20+": 19.19916,
      "40+": 27.599400000000003,
      "50+": 31.799520000000005,
      "60+": 35.99964,
      "70+": 40.199760000000005,
      "80+": 44.39988
    }
  },
  "materials": {
    "weapon": "海蚀嵌合体239",
    "monster": "全频呓语声核"
  },
  "affixData": {
    "text": "攻击提升$[0]。施放变奏技能或共鸣解放时，共鸣解放伤害提升$[1]，持续$[2]秒；造成重击伤害时，该效果延长$[3]秒，最多可延长$[4]次。成功延长效果时，使队伍中的角色热熔伤害加成提升$[5]，持续$[6]秒，同名效果之间不可叠加。",
    "datas": [
      [
        "12%",
        "15%",
        "18%",
        "21%",
        "24%"
      ],
      [
        "24%",
        "30%",
        "36%",
        "42%",
        "48%"
      ],
      [
        "6",
        "6",
        "6",
        "6",
        "6"
      ],
      [
        "4",
        "4",
        "4",
        "4",
        "4"
      ],
      [
        "1",
        "1",
        "1",
        "1",
        "1"
      ],
      [
        "24%",
        "30%",
        "36%",
        "42%",
        "48%"
      ],
      [
        "30",
        "30",
        "30",
        "30",
        "30"
      ]
    ]
  }
}