{
  "id": "21030094",
  "name": "叙别的罗曼史",
  "affixTitle": "修辞",
  "star": 4,
  "desc": "武器的设计灵感取材自剧目——《叙别的罗曼史》。手中紧握的佩枪，是争夺名利的承诺，是不得之爱的沉重，是未言的词句，颤抖中的沉默，更是永远无法实现的爱的阴影。终幕，它竟成了那最后的告别——扳机声扣响，幕布落下时的轰然震动，徒留一片无法言说的哀伤，回荡在未亡人的心头。",
  "attr": {
    "atk": {
      "1": 37,
      "20": 96.2407,
      "40": 183.2647,
      "50": 239.1125,
      "60": 294.9603,
      "70": 350.8044,
      "80": 406.6522,
      "90": 462.5,
      "20+": 120.9049,
      "40+": 207.9326,
      "50+": 263.7804,
      "60+": 319.6245,
      "70+": 375.4723,
      "80+": 431.3201
    },
    "bonusKey": "atkPct",
    "bonusData": {
      "1": 4.050000011920929,
      "20": 7.1996850211918355,
      "40": 10.349775030463935,
      "50": 11.924820035099984,
      "60": 13.499865039736033,
      "70": 15.07491004437208,
      "80": 16.64995504900813,
      "90": 18.22500005364418,
      "20+": 7.1996850211918355,
      "40+": 10.349775030463935,
      "50+": 11.924820035099984,
      "60+": 13.499865039736033,
      "70+": 15.07491004437208,
      "80+": 16.64995504900813
    }
  },
  "materials": {
    "weapon": "高纯晶化燃素",
    "monster": "特制镣环"
  },
  "affixData": {
    "text": "对带有【异常效应】的怪物造成伤害时，自身攻击提升$[0]，持续$[1]秒，每秒可触发1次，可叠加$[2]层。",
    "datas": [
      [
        "4%",
        "5%",
        "6%",
        "7%",
        "8%"
      ],
      [
        "10",
        "10",
        "10",
        "10",
        "10"
      ],
      [
        "4",
        "4",
        "4",
        "4",
        "4"
      ]
    ]
  }
}