{
  "id": "21050044",
  "name": "今州守望",
  "affixTitle": "忠诚卫士",
  "star": 4,
  "desc": "为纪念夜归战士对今州的守护而打造的音感仪。有诗赞曰：“湖城北望荒石岭，氤氲暗雨遮朔关。”",
  "attr": {
    "atk": {
      "1": 31,
      "20": 80.6341,
      "40": 153.5461,
      "50": 200.3375,
      "60": 247.1289,
      "70": 293.9172,
      "80": 340.7086,
      "90": 387.5,
      "20+": 101.2987,
      "40+": 174.2138,
      "50+": 221.0052,
      "60+": 267.7935,
      "70+": 314.5849,
      "80+": 361.3763
    },
    "bonusKey": "atkPct",
    "bonusData": {
      "1": 8.100000023841858,
      "20": 14.399370042383671,
      "40": 20.69955006092787,
      "50": 23.849640070199968,
      "60": 26.999730079472066,
      "70": 30.14982008874416,
      "80": 33.29991009801626,
      "90": 36.45000010728836,
      "20+": 14.399370042383671,
      "40+": 20.69955006092787,
      "50+": 23.849640070199968,
      "60+": 26.999730079472066,
      "70+": 30.14982008874416,
      "80+": 33.29991009801626
    }
  },
  "materials": {
    "weapon": "急板涡流",
    "monster": "特制镣环"
  },
  "affixData": {
    "text": "施放变奏技能时，自身攻击提升$[0]，生命提升$[1]，持续$[2]秒。",
    "datas": [
      [
        "8%",
        "10%",
        "12%",
        "14%",
        "16%"
      ],
      [
        "10%",
        "12.5%",
        "15%",
        "17.5%",
        "20%"
      ],
      [
        "15",
        "15",
        "15",
        "15",
        "15"
      ]
    ]
  }
}