{
  "id": "21010016",
  "name": "苍鳞千嶂",
  "affixTitle": "金戈铁马",
  "star": 5,
  "desc": "千年高山为脊，万载江水为刃，天地自化，凝成此器。利刃出鞘，龙吟破空，顷刻间白波若山，海水震荡，声侔鬼神，惮赫千里。",
  "attr": {
    "atk": {
      "1": 47,
      "20": 122.2517,
      "40": 232.7957,
      "50": 303.7375,
      "60": 374.6793,
      "70": 445.6164,
      "80": 516.5582,
      "90": 587.5,
      "20+": 153.5819,
      "40+": 264.1306,
      "50+": 335.0724,
      "60+": 406.0095,
      "70+": 476.9513,
      "80+": 547.8931
    },
    "bonusKey": "cdmg",
    "bonusData": {
      "1": 10.8,
      "20": 19.19916,
      "40": 27.599400000000003,
      "50": 31.799520000000005,
      "60": 35.99964,
      "70": 40.199760000000005,
      "80": 44.39988,
      "90": 48.6,
      "20+": 19.19916,
      "40+": 27.599400000000003,
      "50+": 31.799520000000005,
      "60+": 35.99964,
      "70+": 40.199760000000005,
      "80+": 44.39988
    }
  },
  "materials": {
    "weapon": "海蚀嵌合体239",
    "monster": "全频呓语声核"
  },
  "affixData": {
    "text": "全属性伤害加成提升$[0]。每次施放变奏技能或共鸣解放时，自身重击伤害加成提升$[1]，可叠加$[2]层，效果持续$[3]秒。",
    "datas": [
      [
        "12%",
        "15%",
        "18%",
        "21%",
        "24%"
      ],
      [
        "24%",
        "30%",
        "36%",
        "42%",
        "48%"
      ],
      [
        "2",
        "2",
        "2",
        "2",
        "2"
      ],
      [
        "14",
        "14",
        "14",
        "14",
        "14"
      ]
    ]
  }
}