{
  "id": "21020056",
  "name": "不屈命定之冠",
  "affixTitle": "自由骑士之舞",
  "star": 5,
  "desc": "浪海欲让骑士戴上命定的冠冕，而骑士只将冠冕收入剑中。那冠冕不会成为骑士的束缚，那浪海也无法停下骑士的脚步。",
  "attr": {
    "atk": {
      "1": 33,
      "20": 85.8363,
      "40": 163.4523,
      "50": 213.2625,
      "60": 263.0727,
      "70": 312.8796,
      "80": 362.6898,
      "90": 412.5,
      "20+": 107.8341,
      "40+": 185.4534,
      "50+": 235.2636,
      "60+": 285.0705,
      "70+": 334.8807,
      "80+": 384.6909
    },
    "bonusKey": "hpPct",
    "bonusData": {
      "1": 16.050000488758087,
      "20": 28.532085868865252,
      "40": 41.01577624902129,
      "50": 47.25762143909931,
      "60": 53.49946662917733,
      "70": 59.74131181925535,
      "80": 65.98315700933337,
      "90": 72.22500219941139,
      "20+": 28.532085868865252,
      "40+": 41.01577624902129,
      "50+": 47.25762143909931,
      "60+": 53.49946662917733,
      "70+": 59.74131181925535,
      "80+": 65.98315700933337
    }
  },
  "materials": {
    "weapon": "异构金属液滴",
    "monster": "全频啸叫声核"
  },
  "affixData": {
    "text": "生命提升$[0]。施放变奏技能或普攻后$[3]秒内，自身造成伤害无视目标$[1]防御，当目标的风蚀效应不少于1层时，对目标造成的伤害加深$[2]。",
    "datas": [
      [
        "12%",
        "15%",
        "18%",
        "21%",
        "24%"
      ],
      [
        "8%",
        "10%",
        "12%",
        "14%",
        "16%"
      ],
      [
        "20%",
        "25%",
        "30%",
        "35%",
        "40%"
      ],
      [
        "15",
        "15",
        "15",
        "15",
        "15"
      ]
    ]
  }
}