{
  "id": "21020015",
  "name": "千古洑流",
  "affixTitle": "流涡无垠",
  "star": 5,
  "desc": "倾听它——在冷峭的刀刃之下，仿佛能听见极寒冰流暗涌的声音，思想渐渐如水般聚流成涡。跟随此流向翻飞，手中的迅刀将吞噬一切落入其中的敌人。",
  "attr": {
    "atk": {
      "1": 47,
      "20": 122.2517,
      "40": 232.7957,
      "50": 303.7375,
      "60": 374.6793,
      "70": 445.6164,
      "80": 516.5582,
      "90": 587.5,
      "20+": 153.5819,
      "40+": 264.1306,
      "50+": 335.0724,
      "60+": 406.0095,
      "70+": 476.9513,
      "80+": 547.8931
    },
    "bonusKey": "cpct",
    "bonusData": {
      "1": 5.4,
      "20": 9.59958,
      "40": 13.799700000000001,
      "50": 15.899760000000002,
      "60": 17.99982,
      "70": 20.099880000000002,
      "80": 22.19994,
      "90": 24.3,
      "20+": 9.59958,
      "40+": 13.799700000000001,
      "50+": 15.899760000000002,
      "60+": 17.99982,
      "70+": 20.099880000000002,
      "80+": 22.19994
    }
  },
  "materials": {
    "weapon": "异构金属液滴",
    "monster": "全频啸叫声核"
  },
  "affixData": {
    "text": "共鸣效率提升$[0]。施放共鸣技能时，攻击提升$[1]，可叠加$[2]层，持续$[3]秒。",
    "datas": [
      [
        "12.8%",
        "16%",
        "19.2%",
        "22.4%",
        "25.6%"
      ],
      [
        "6%",
        "7.5%",
        "9%",
        "10.5%",
        "12%"
      ],
      [
        "2",
        "2",
        "2",
        "2",
        "2"
      ],
      [
        "10",
        "10",
        "10",
        "10",
        "10"
      ]
    ]
  }
}