{
  "id": 21030016,
  "name": "死与舞",
  "affixTitle": "缄默悼词",
  "star": 5,
  "desc": "溢彩的晶质，暗藏解构与重塑的诡计，它邀你同舞，共赴以生命为筹码的宴请。切步、再切步……无礼的迫近唤起最原始的渴求，直至距离归零，只余战栗颤音……用璀璨的殷红来殉葬吧，请勿忘记，我们终有一死。",
  "attr": {
    "atk": {
      "1": 40,
      "20": 104.044,
      "40": 198.124,
      "50": 258.5,
      "60": 318.876,
      "70": 379.248,
      "80": 439.624,
      "90": 500,
      "20+": 130.708,
      "40+": 224.792,
      "50+": 285.168,
      "60+": 345.54,
      "70+": 405.916,
      "80+": 466.292
    },
    "bonusKey": "cdmg",
    "bonusData": {
      "1": 16,
      "20": 28.4432,
      "40": 40.888000000000005,
      "50": 47.1104,
      "60": 53.3328,
      "70": 59.555200000000006,
      "80": 65.7776,
      "90": 72,
      "20+": 28.4432,
      "40+": 40.888000000000005,
      "50+": 47.1104,
      "60+": 53.3328,
      "70+": 59.555200000000006,
      "80+": 65.7776
    }
  },
  "materials": {
    "weapon": "高纯晶化燃素",
    "monster": "特制镣环"
  },
  "affixData": {
    "text": "攻击提升$[0]。施放变奏技能或共鸣解放时，自身共鸣技能伤害加成提升$[1]，持续$[2]秒。",
    "datas": [
      [
        "12%",
        "15%",
        "18%",
        "21%",
        "24%"
      ],
      [
        "48%",
        "60%",
        "72%",
        "84%",
        "96%"
      ],
      [
        "5",
        "5",
        "5",
        "5",
        "5"
      ]
    ]
  }
}