{
  "id": "21020064",
  "name": "西升",
  "affixTitle": "天时引动",
  "star": 4,
  "desc": "因空中奇象而生的迅刀。锻造者将目睹异星的感受融于武器之中，使它看起来轻快锋利，却能发挥出利破长空、削铁如泥的能量。",
  "attr": {
    "atk": {
      "1": 33,
      "20": 85.8363,
      "40": 163.4523,
      "50": 213.2625,
      "60": 263.0727,
      "70": 312.8796,
      "80": 362.6898,
      "90": 412.5,
      "20+": 107.8341,
      "40+": 185.4534,
      "50+": 235.2636,
      "60+": 285.0705,
      "70+": 334.8807,
      "80+": 384.6909
    },
    "bonusKey": "atkPct",
    "bonusData": {
      "1": 6.7500002682209015,
      "20": 11.999475476816295,
      "40": 17.249625685438513,
      "50": 19.87470078974962,
      "60": 22.49977589406073,
      "70": 25.12485099837184,
      "80": 27.74992610268295,
      "90": 30.375001206994057,
      "20+": 11.999475476816295,
      "40+": 17.249625685438513,
      "50+": 19.87470078974962,
      "60+": 22.49977589406073,
      "70+": 25.12485099837184,
      "80+": 27.74992610268295
    }
  },
  "materials": {
    "weapon": "异构金属液滴",
    "monster": "全频啸叫声核"
  },
  "affixData": {
    "text": "角色登场后获得$[0]层【守誓】效果，每层使攻击提升$[1]，可叠加$[2]层，每$[3]秒可触发$[4]次。每$[5]秒该状态减少$[6]层，击败目标时，额外获得$[7]层【守誓】效果。",
    "datas": [
      [
        "6",
        "6",
        "6",
        "6",
        "6"
      ],
      [
        "2%",
        "2.5%",
        "3%",
        "3.5%",
        "4%"
      ],
      [
        "6",
        "6",
        "6",
        "6",
        "6"
      ],
      [
        "12",
        "12",
        "12",
        "12",
        "12"
      ],
      [
        "1",
        "1",
        "1",
        "1",
        "1"
      ],
      [
        "2",
        "2",
        "2",
        "2",
        "2"
      ],
      [
        "1",
        "1",
        "1",
        "1",
        "1"
      ],
      [
        "6",
        "6",
        "6",
        "6",
        "6"
      ]
    ]
  }
}