{
  "id": 21040044,
  "name": "袍泽之固",
  "affixTitle": "无衣长歌",
  "star": 4,
  "desc": "为纪念夜归战士的同袍之义而打造的臂铠。有诗赞曰“薄衣难抵霜晨月，铁甲能断星垂寒。”",
  "attr": {
    "atk": {
      "1": 27,
      "20": 70.2297,
      "40": 133.7337,
      "50": 174.4875,
      "60": 215.2413,
      "70": 255.9924,
      "80": 296.7462,
      "90": 337.5,
      "20+": 88.2279,
      "40+": 151.7346,
      "50+": 192.4884,
      "60+": 233.2395,
      "70+": 273.9933,
      "80+": 314.7471
    },
    "bonusKey": "atkPct",
    "bonusData": {
      "1": 13.680000603199005,
      "20": 24.31893707230687,
      "40": 34.95924154147506,
      "50": 40.27939377605915,
      "60": 45.599546010643245,
      "70": 50.91969824522734,
      "80": 56.23985047981142,
      "90": 61.56000271439552,
      "20+": 24.31893707230687,
      "40+": 34.95924154147506,
      "50+": 40.27939377605915,
      "60+": 45.599546010643245,
      "70+": 50.91969824522734,
      "80+": 56.23985047981142
    }
  },
  "materials": {
    "weapon": "声律花蕾",
    "monster": "全频啸叫声核"
  },
  "affixData": {
    "text": "施放变奏技能时，自身共鸣解放伤害加成提升$[0]，持续$[1]秒。",
    "datas": [
      [
        "20%",
        "25%",
        "30%",
        "35%",
        "40%"
      ],
      [
        "15",
        "15",
        "15",
        "15",
        "15"
      ]
    ]
  }
}