{
  "id": "21020045",
  "name": "镭射切变",
  "affixTitle": "先觉者",
  "star": 5,
  "desc": "深空联合「共生武装」系列，型号-SCSA-LHRi-SWD201052-刃身采用隧者生物化构件与黑石复合工艺制造，实现「频率自适应」与「使用者绑定」两项核心特性。「共生武装」的性能上限取决于使用者的异能力，通过对异能力的训练与开发，可进一步提升武装的输出表现。刀面的光谱随使用者的频率而产生流变，每一击都映照着使用者独一无二的精准直觉，如同去繁求简的“剃刀”，适合见微知著、擅于明辨的先觉者。",
  "attr": {
    "atk": {
      "1": 47,
      "20": 122.2517,
      "40": 232.7957,
      "50": 303.7375,
      "60": 374.6793,
      "70": 445.6164,
      "80": 516.5582,
      "90": 587.5,
      "20+": 153.5819,
      "40+": 264.1306,
      "50+": 335.0724,
      "60+": 406.0095,
      "70+": 476.9513,
      "80+": 547.8931
    },
    "bonusKey": "recharge",
    "bonusData": {
      "1": 8.64,
      "20": 15.359328000000001,
      "40": 22.079520000000002,
      "50": 25.439616,
      "60": 28.799712,
      "70": 32.159808,
      "80": 35.519904000000004,
      "90": 38.88,
      "20+": 15.359328000000001,
      "40+": 22.079520000000002,
      "50+": 25.439616,
      "60+": 28.799712,
      "70+": 32.159808,
      "80+": 35.519904000000004
    }
  },
  "materials": {
    "weapon": "叠翼偏振体",
    "monster": "全频锐棱声核"
  },
  "affixData": {
    "text": "攻击提升$[0]。对处于【集谐·干涉】状态的敌人造成伤害后，共鸣技能伤害加成提升$[1]，持续$[2]秒，重复触发时刷新持续时间。",
    "datas": [
      [
        "12%",
        "15%",
        "18%",
        "21%",
        "24%"
      ],
      [
        "24%",
        "27%",
        "30%",
        "33%",
        "36%"
      ],
      [
        "3",
        "3",
        "3",
        "3",
        "3"
      ]
    ]
  }
}