{
  "id": 21050023,
  "name": "源能音感仪·测五",
  "affixTitle": "扶助",
  "star": 3,
  "desc": "为开发新型黑石武器，华胥研究院以技术验证为目的打造的测试型音感仪，除了不俗的武器性能，最大的特点是能通过攻击提高共鸣者身体活性治愈伤口。",
  "attr": {
    "atk": {
      "1": 24,
      "20": 62.4264,
      "40": 118.8744,
      "50": 155.1,
      "60": 191.3256,
      "70": 227.5488,
      "80": 263.7744,
      "90": 300,
      "20+": 78.4248,
      "40+": 134.8752,
      "50+": 171.1008,
      "60+": 207.324,
      "70+": 243.5496,
      "80+": 279.7752
    },
    "bonusKey": "hpPct",
    "bonusData": {
      "1": 6.7500002682209015,
      "20": 11.999475476816295,
      "40": 17.249625685438513,
      "50": 19.87470078974962,
      "60": 22.49977589406073,
      "70": 25.12485099837184,
      "80": 27.74992610268295,
      "90": 30.375001206994057,
      "20+": 11.999475476816295,
      "40+": 17.249625685438513,
      "50+": 19.87470078974962,
      "60+": 22.49977589406073,
      "70+": 25.12485099837184,
      "80+": 27.74992610268295
    }
  },
  "materials": {
    "weapon": "急板涡流",
    "monster": "特制镣环"
  },
  "affixData": {
    "text": "施放变奏技能时，回复自身$[0]生命值，每$[1]秒可触发$[2]次。",
    "datas": [
      [
        "5%",
        "6.25%",
        "7.5%",
        "8.75%",
        "10%"
      ],
      [
        "20",
        "20",
        "20",
        "20",
        "20"
      ],
      [
        "1",
        "1",
        "1",
        "1",
        "1"
      ]
    ]
  }
}