{
  "id": 21030036,
  "name": "光影双生",
  "affixTitle": "复归于火",
  "star": 5,
  "desc": "她自黑暗夺取力量，将罪恶加注其上，为狩猎，为杀戮，为给恶魔带去决然致命的毁伤。她自光明失坠陨落，将初誓铭刻其上，为逝者，为生者，为清晰自己的枪口该对准何方。",
  "attr": {
    "atk": {
      "1": 47,
      "20": 122.2517,
      "40": 232.7957,
      "50": 303.7375,
      "60": 374.6793,
      "70": 445.6164,
      "80": 516.5582,
      "90": 587.5,
      "20+": 153.5819,
      "40+": 264.1306,
      "50+": 335.0724,
      "60+": 406.0095,
      "70+": 476.9513,
      "80+": 547.8931
    },
    "bonusKey": "cdmg",
    "bonusData": {
      "1": 10.8,
      "20": 19.19916,
      "40": 27.599400000000003,
      "50": 31.799520000000005,
      "60": 35.99964,
      "70": 40.199760000000005,
      "80": 44.39988,
      "90": 48.6,
      "20+": 19.19916,
      "40+": 27.599400000000003,
      "50+": 31.799520000000005,
      "60+": 35.99964,
      "70+": 40.199760000000005,
      "80+": 44.39988
    }
  },
  "materials": {
    "weapon": "高纯晶化燃素",
    "monster": "特制镣环"
  },
  "affixData": {
    "text": "攻击提升$[0]。造成声骸技能伤害时，重击伤害加深$[1]，持续$[2]秒；造成重击伤害时，声骸技能伤害加深$[3]，持续$[4]秒；单次攻击最多享受$[5]伤害加深。同时拥有两种效果时，造成伤害时无视目标$[6]防御。",
    "datas": [
      [
        "12%",
        "15%",
        "18%",
        "21%",
        "24%"
      ],
      [
        "24%",
        "30%",
        "36%",
        "42%",
        "48%"
      ],
      [
        "6",
        "6",
        "6",
        "6",
        "6"
      ],
      [
        "24%",
        "30%",
        "36%",
        "42%",
        "48%"
      ],
      [
        "6",
        "6",
        "6",
        "6",
        "6"
      ],
      [
        "24%",
        "30%",
        "36%",
        "42%",
        "48%"
      ],
      [
        "8%",
        "10%",
        "12%",
        "14%",
        "16%"
      ]
    ]
  }
}