{
  "id": "21010066",
  "name": "宙算仪轨",
  "affixTitle": "定解",
  "star": 5,
  "desc": "一切规律皆可被观测，一切现象皆可被析解。正如理想远在光年之外，抵达的方法却在双手咫尺之间。",
  "attr": {
    "atk": {
      "1": 33,
      "20": 85.8363,
      "40": 163.4523,
      "50": 213.2625,
      "60": 263.0727,
      "70": 312.8796,
      "80": 362.6898,
      "90": 412.5,
      "20+": 107.8341,
      "40+": 185.4534,
      "50+": 235.2636,
      "60+": 285.0705,
      "70+": 334.8807,
      "80+": 384.6909
    },
    "bonusKey": "recharge",
    "bonusData": {
      "1": 17.12,
      "20": 30.434224,
      "40": 43.750159999999994,
      "50": 50.408128,
      "60": 57.066096,
      "70": 63.724064,
      "80": 70.382032,
      "90": 77.04,
      "20+": 30.434224,
      "40+": 43.750159999999994,
      "50+": 50.408128,
      "60+": 57.066096,
      "70+": 63.724064,
      "80+": 70.382032
    }
  },
  "materials": {
    "weapon": "全频切削晶块",
    "monster": "完整隧体绳链"
  },
  "affixData": {
    "text": "防御提升$[0]。施放共鸣技能时，回复自身$[1]点协奏能量，每$[2]秒可触发$[3]次。造成治疗时，使附近队伍中所有角色的暴击伤害提升$[4]，持续$[5]秒，同名效果之间不可叠加。",
    "datas": [
      [
        "16%",
        "20%",
        "24%",
        "28%",
        "32%"
      ],
      [
        "8",
        "10",
        "12",
        "14",
        "16"
      ],
      [
        "20",
        "20",
        "20",
        "20",
        "20"
      ],
      [
        "1",
        "1",
        "1",
        "1",
        "1"
      ],
      [
        "20%",
        "25%",
        "30%",
        "35%",
        "40%"
      ],
      [
        "4",
        "4",
        "4",
        "4",
        "4"
      ]
    ]
  }
}