{
  "id": 21030034,
  "name": "穿击枪-26型",
  "affixTitle": "穷理洞彻",
  "star": 4,
  "desc": "华胥研究院在此前源能武器的基础上进行自主改进、研发的第一把极具实用性的高性能佩枪，代表着研究院的精研与缜密，直指深邃。",
  "attr": {
    "atk": {
      "1": 31,
      "20": 80.6341,
      "40": 153.5461,
      "50": 200.3375,
      "60": 247.1289,
      "70": 293.9172,
      "80": 340.7086,
      "90": 387.5,
      "20+": 101.2987,
      "40+": 174.2138,
      "50+": 221.0052,
      "60+": 267.7935,
      "70+": 314.5849,
      "80+": 361.3763
    },
    "bonusKey": "atkPct",
    "bonusData": {
      "1": 8.100000023841858,
      "20": 14.399370042383671,
      "40": 20.69955006092787,
      "50": 23.849640070199968,
      "60": 26.999730079472066,
      "70": 30.14982008874416,
      "80": 33.29991009801626,
      "90": 36.45000010728836,
      "20+": 14.399370042383671,
      "40+": 20.69955006092787,
      "50+": 23.849640070199968,
      "60+": 26.999730079472066,
      "70+": 30.14982008874416,
      "80+": 33.29991009801626
    }
  },
  "materials": {
    "weapon": "高纯晶化燃素",
    "monster": "特制镣环"
  },
  "affixData": {
    "text": "角色没有受到伤害时，每$[0]秒攻击提升$[1]，可叠加$[2]层，持续$[3]秒。受到伤害时，消耗$[4]层状态，并回复角色$[5]生命。",
    "datas": [
      [
        "5",
        "5",
        "5",
        "5",
        "5"
      ],
      [
        "6%",
        "7.5%",
        "9%",
        "10.5%",
        "12%"
      ],
      [
        "2",
        "2",
        "2",
        "2",
        "2"
      ],
      [
        "8",
        "8",
        "8",
        "8",
        "8"
      ],
      [
        "1",
        "1",
        "1",
        "1",
        "1"
      ],
      [
        "5%",
        "6.25%",
        "7.5%",
        "8.75%",
        "10%"
      ]
    ]
  }
}