{
  "id": "21020016",
  "name": "赫奕流明",
  "affixTitle": "丹煌灼羽",
  "star": 5,
  "desc": "据传由灵鸟的心血与飞翎化火凝铸。持纵横玄素，引万象流明，离火蔓延之处，锋芒赫奕，诸恶形消神灭，不留尘埃。",
  "attr": {
    "atk": {
      "1": 47,
      "20": 122.2517,
      "40": 232.7957,
      "50": 303.7375,
      "60": 374.6793,
      "70": 445.6164,
      "80": 516.5582,
      "90": 587.5,
      "20+": 153.5819,
      "40+": 264.1306,
      "50+": 335.0724,
      "60+": 406.0095,
      "70+": 476.9513,
      "80+": 547.8931
    },
    "bonusKey": "cdmg",
    "bonusData": {
      "1": 10.8,
      "20": 19.19916,
      "40": 27.599400000000003,
      "50": 31.799520000000005,
      "60": 35.99964,
      "70": 40.199760000000005,
      "80": 44.39988,
      "90": 48.6,
      "20+": 19.19916,
      "40+": 27.599400000000003,
      "50+": 31.799520000000005,
      "60+": 35.99964,
      "70+": 40.199760000000005,
      "80+": 44.39988
    }
  },
  "materials": {
    "weapon": "异构金属液滴",
    "monster": "全频啸叫声核"
  },
  "affixData": {
    "text": "攻击提升$[0]。造成伤害时获得1层【灼羽】，每0.5秒可获得1层。施放共鸣技能时额外获得5层。每层【灼羽】使共鸣技能伤害加成提升$[1]，可叠加14层。【灼羽】达到14层的$[2]秒后，清空全部层数。",
    "datas": [
      [
        "12%",
        "15%",
        "18%",
        "21%",
        "24%"
      ],
      [
        "4%",
        "5%",
        "6%",
        "7%",
        "8%"
      ],
      [
        "12",
        "12",
        "12",
        "12",
        "12"
      ]
    ]
  }
}