{
  "id": "21040016",
  "name": "诸方玄枢",
  "affixTitle": "探源逐本",
  "star": 5,
  "desc": "以稷廷孤学为锻制要理，虽是轻械相衔，却密无罅缝，坚如金石。铸成之器，不为耀武、侵伐，但为破坼万难、钩深索隐。",
  "attr": {
    "atk": {
      "1": 47,
      "20": 122.2517,
      "40": 232.7957,
      "50": 303.7375,
      "60": 374.6793,
      "70": 445.6164,
      "80": 516.5582,
      "90": 587.5,
      "20+": 153.5819,
      "40+": 264.1306,
      "50+": 335.0724,
      "60+": 406.0095,
      "70+": 476.9513,
      "80+": 547.8931
    },
    "bonusKey": "cpct",
    "bonusData": {
      "1": 5.4,
      "20": 9.59958,
      "40": 13.799700000000001,
      "50": 15.899760000000002,
      "60": 17.99982,
      "70": 20.099880000000002,
      "80": 22.19994,
      "90": 24.3,
      "20+": 9.59958,
      "40+": 13.799700000000001,
      "50+": 15.899760000000002,
      "60+": 17.99982,
      "70+": 20.099880000000002,
      "80+": 22.19994
    }
  },
  "materials": {
    "weapon": "声律花蕾",
    "monster": "全频啸叫声核"
  },
  "affixData": {
    "text": "全属性伤害加成提升$[0]。施放共鸣解放时，自身共鸣解放伤害加成提升$[1]，持续$[2]秒；施放共鸣技能时，该效果延长$[3]秒，最多可延长$[4]次。",
    "datas": [
      [
        "12%",
        "15%",
        "18%",
        "21%",
        "24%"
      ],
      [
        "48%",
        "60%",
        "72%",
        "84%",
        "96%"
      ],
      [
        "8",
        "8",
        "8",
        "8",
        "8"
      ],
      [
        "5",
        "5",
        "5",
        "5",
        "5"
      ],
      [
        "3",
        "3",
        "3",
        "3",
        "3"
      ]
    ]
  }
}