{
  "id": 21010026,
  "name": "时和岁稔",
  "affixTitle": "承天之祐",
  "star": 5,
  "desc": "剑刃挥斩之间，得以窥见日月流转、物换星移。剑中似有万象，而万象归于其一。温润的剑气仿佛能化解这世上一切坚不可摧之物，不论是凝结千年的寒冰，还是停滞不前的时光。",
  "attr": {
    "atk": {
      "1": 47,
      "20": 122.2517,
      "40": 232.7957,
      "50": 303.7375,
      "60": 374.6793,
      "70": 445.6164,
      "80": 516.5582,
      "90": 587.5,
      "20+": 153.5819,
      "40+": 264.1306,
      "50+": 335.0724,
      "60+": 406.0095,
      "70+": 476.9513,
      "80+": 547.8931
    },
    "bonusKey": "cpct",
    "bonusData": {
      "1": 5.4,
      "20": 9.59958,
      "40": 13.799700000000001,
      "50": 15.899760000000002,
      "60": 17.99982,
      "70": 20.099880000000002,
      "80": 22.19994,
      "90": 24.3,
      "20+": 9.59958,
      "40+": 13.799700000000001,
      "50+": 15.899760000000002,
      "60+": 17.99982,
      "70+": 20.099880000000002,
      "80+": 22.19994
    }
  },
  "materials": {
    "weapon": "海蚀嵌合体239",
    "monster": "全频呓语声核"
  },
  "affixData": {
    "text": "全属性伤害加成提升$[0]。施放变奏技能时，自身获得【岁蕴】，使共鸣技能伤害加成提升$[1]，持续$[2]秒。施放共鸣技能时，自身获得【福泽】，使共鸣技能伤害加成提升$[3]，持续$[4]秒。",
    "datas": [
      [
        "12%",
        "15%",
        "18%",
        "21%",
        "24%"
      ],
      [
        "24%",
        "30%",
        "36%",
        "42%",
        "48%"
      ],
      [
        "12",
        "12",
        "12",
        "12",
        "12"
      ],
      [
        "24%",
        "30%",
        "36%",
        "42%",
        "48%"
      ],
      [
        "12",
        "12",
        "12",
        "12",
        "12"
      ]
    ]
  }
}