{
  "id": "21050084",
  "name": "核熔星盘",
  "affixTitle": "彼岸眼瞳",
  "star": 4,
  "desc": "黑海岸为资深战斗人员研发的实验型武器，以耀变体的罪业为名的音感仪。“耀变”是特殊类星体的名字，它们迸发的光辉仅仅投向此处——即使相隔百亿光年，也能观测到它们的痕迹。",
  "attr": {
    "atk": {
      "1": 37,
      "20": 96.2407,
      "40": 183.2647,
      "50": 239.1125,
      "60": 294.9603,
      "70": 350.8044,
      "80": 406.6522,
      "90": 462.5,
      "20+": 120.9049,
      "40+": 207.9326,
      "50+": 263.7804,
      "60+": 319.6245,
      "70+": 375.4723,
      "80+": 431.3201
    },
    "bonusKey": "atkPct",
    "bonusData": {
      "1": 4.050000011920929,
      "20": 7.1996850211918355,
      "40": 10.349775030463935,
      "50": 11.924820035099984,
      "60": 13.499865039736033,
      "70": 15.07491004437208,
      "80": 16.64995504900813,
      "90": 18.22500005364418,
      "20+": 7.1996850211918355,
      "40+": 10.349775030463935,
      "50+": 11.924820035099984,
      "60+": 13.499865039736033,
      "70+": 15.07491004437208,
      "80+": 16.64995504900813
    }
  },
  "materials": {
    "weapon": "急板涡流",
    "monster": "特制镣环"
  },
  "affixData": {
    "text": "施放共鸣技能时，获得$[0]点共鸣能量，且攻击提升$[1]，持续$[2]秒。该效果每$[3]秒可触发1次。",
    "datas": [
      [
        "6",
        "7",
        "8",
        "9",
        "10"
      ],
      [
        "10%",
        "12.5%",
        "15%",
        "17.5%",
        "20%"
      ],
      [
        "16",
        "16",
        "16",
        "16",
        "16"
      ],
      [
        "20",
        "20",
        "20",
        "20",
        "20"
      ]
    ]
  }
}