{
  "id": 21030015,
  "name": "停驻之烟",
  "affixTitle": "削肉蚀骨",
  "star": 5,
  "desc": "抓住它——在凄清的枪身之中，仿佛能抓住那宛若静止的万里湖烟，瞬间冻结的冰砾停于指缝。握住这佩枪的扳机，让喷吐出的浓厚湖烟，蔓延在战场的每一个角落。",
  "attr": {
    "atk": {
      "1": 47,
      "20": 122.2517,
      "40": 232.7957,
      "50": 303.7375,
      "60": 374.6793,
      "70": 445.6164,
      "80": 516.5582,
      "90": 587.5,
      "20+": 153.5819,
      "40+": 264.1306,
      "50+": 335.0724,
      "60+": 406.0095,
      "70+": 476.9513,
      "80+": 547.8931
    },
    "bonusKey": "cpct",
    "bonusData": {
      "1": 5.4,
      "20": 9.59958,
      "40": 13.799700000000001,
      "50": 15.899760000000002,
      "60": 17.99982,
      "70": 20.099880000000002,
      "80": 22.19994,
      "90": 24.3,
      "20+": 9.59958,
      "40+": 13.799700000000001,
      "50+": 15.899760000000002,
      "60+": 17.99982,
      "70+": 20.099880000000002,
      "80+": 22.19994
    }
  },
  "materials": {
    "weapon": "高纯晶化燃素",
    "monster": "特制镣环"
  },
  "affixData": {
    "text": "共鸣效率提升$[0]。施放延奏技能后，入场角色攻击提升$[1]，可叠加$[2]层，持续$[3]秒。",
    "datas": [
      [
        "12.8%",
        "16%",
        "19.2%",
        "22.4%",
        "25.6%"
      ],
      [
        "10%",
        "12.5%",
        "15%",
        "17.5%",
        "20%"
      ],
      [
        "1",
        "1",
        "1",
        "1",
        "1"
      ],
      [
        "14",
        "14",
        "14",
        "14",
        "14"
      ]
    ]
  }
}