{
  "id": 21020066,
  "name": "裁竹",
  "affixTitle": "人定",
  "star": 5,
  "desc": "竹以虚而实，人因实而虚。竹不虚言，不虚行，不虚名。竹能如此，人未必实。",
  "attr": {
    "atk": {
      "1": 47,
      "20": 122.2517,
      "40": 232.7957,
      "50": 303.7375,
      "60": 374.6793,
      "70": 445.6164,
      "80": 516.5582,
      "90": 587.5,
      "20+": 153.5819,
      "40+": 264.1306,
      "50+": 335.0724,
      "60+": 406.0095,
      "70+": 476.9513,
      "80+": 547.8931
    },
    "bonusKey": "cpct",
    "bonusData": {
      "1": 5.4,
      "20": 9.59958,
      "40": 13.799700000000001,
      "50": 15.899760000000002,
      "60": 17.99982,
      "70": 20.099880000000002,
      "80": 22.19994,
      "90": 24.3,
      "20+": 9.59958,
      "40+": 13.799700000000001,
      "50+": 15.899760000000002,
      "60+": 17.99982,
      "70+": 20.099880000000002,
      "80+": 22.19994
    }
  },
  "materials": {
    "weapon": "异构金属液滴",
    "monster": "全频啸叫声核"
  },
  "affixData": {
    "text": "攻击提升$[0]。施放变奏技能或普攻后$[1]秒内，施放声骸技能时，获得1层【解竹】，重击伤害加成提升$[2]%，同名声骸只可触发一次，最多可叠加2层，持续$[3]秒，叠加至2层后施放声骸技能不刷新持续时间。该效果$[4]秒内最多生效1次，若切换至其他角色则该效果提前结束。\n施放变奏技能时，队伍中的角色声骸技能伤害加成提升$[5]，持续$[6]秒，同名效果之间不可叠加。",
    "datas": [
      [
        "12%",
        "15%",
        "18%",
        "21%",
        "24%"
      ],
      [
        "10",
        "10",
        "10",
        "10",
        "10"
      ],
      [
        "30",
        "37.5",
        "45",
        "52.5",
        "60"
      ],
      [
        "12",
        "12",
        "12",
        "12",
        "12"
      ],
      [
        "10",
        "10",
        "10",
        "10",
        "10"
      ],
      [
        "20%",
        "25%",
        "30%",
        "35%",
        "40%"
      ],
      [
        "30",
        "30",
        "30",
        "30",
        "30"
      ]
    ]
  }
}