{
  "id": "21050036",
  "name": "星序协响",
  "affixTitle": "群星迭律",
  "star": 5,
  "desc": "载有能量的核心，拟造着群星演化的循环。无限以奇点为源，将牵引的星团抛散，但寂灭流转，末陨尽头处又总传来不息的回声——那是新星诞生时的问候。",
  "attr": {
    "atk": {
      "1": 33,
      "20": 85.8363,
      "40": 163.4523,
      "50": 213.2625,
      "60": 263.0727,
      "70": 312.8796,
      "80": 362.6898,
      "90": 412.5,
      "20+": 107.8341,
      "40+": 185.4534,
      "50+": 235.2636,
      "60+": 285.0705,
      "70+": 334.8807,
      "80+": 384.6909
    },
    "bonusKey": "recharge",
    "bonusData": {
      "1": 17.12,
      "20": 30.434224,
      "40": 43.750159999999994,
      "50": 50.408128,
      "60": 57.066096,
      "70": 63.724064,
      "80": 70.382032,
      "90": 77.04,
      "20+": 30.434224,
      "40+": 43.750159999999994,
      "50+": 50.408128,
      "60+": 57.066096,
      "70+": 63.724064,
      "80+": 70.382032
    }
  },
  "materials": {
    "weapon": "急板涡流",
    "monster": "特制镣环"
  },
  "affixData": {
    "text": "生命提升$[0]。施放共鸣解放时，回复自身$[1]点协奏能量，每$[2]秒可触发$[3]次。共鸣技能造成治疗时，使附近队伍中所有角色的攻击提升$[4]，持续$[5]秒，同名效果之间不可叠加。",
    "datas": [
      [
        "12%",
        "15%",
        "18%",
        "21%",
        "24%"
      ],
      [
        "8",
        "10",
        "12",
        "14",
        "16"
      ],
      [
        "20",
        "20",
        "20",
        "20",
        "20"
      ],
      [
        "1",
        "1",
        "1",
        "1",
        "1"
      ],
      [
        "14%",
        "17.5%",
        "21%",
        "24.5%",
        "28%"
      ],
      [
        "30",
        "30",
        "30",
        "30",
        "30"
      ]
    ]
  }
}