{
  "id": "21040056",
  "name": "白昼之脊",
  "affixTitle": "缝合晨昏",
  "star": 5,
  "desc": "那不是山峦，是大地背负黑夜的脊骨。它撕开长夜的腹腔，天空在创口处淌出新生的光。你的影子被钉在昨夜，而肉身将于尖锐的破晓中重新浇筑。它会替你质问所有阖上的门。",
  "attr": {
    "atk": {
      "1": 47,
      "20": 122.2517,
      "40": 232.7957,
      "50": 303.7375,
      "60": 374.6793,
      "70": 445.6164,
      "80": 516.5582,
      "90": 587.5,
      "20+": 153.5819,
      "40+": 264.1306,
      "50+": 335.0724,
      "60+": 406.0095,
      "70+": 476.9513,
      "80+": 547.8931
    },
    "bonusKey": "cpct",
    "bonusData": {
      "1": 5.4,
      "20": 9.59958,
      "40": 13.799700000000001,
      "50": 15.899760000000002,
      "60": 17.99982,
      "70": 20.099880000000002,
      "80": 22.19994,
      "90": 24.3,
      "20+": 9.59958,
      "40+": 13.799700000000001,
      "50+": 15.899760000000002,
      "60+": 17.99982,
      "70+": 20.099880000000002,
      "80+": 22.19994
    }
  },
  "materials": {
    "weapon": "全频海蚀碎晶",
    "monster": "全频锐棱声核"
  },
  "affixData": {
    "text": "攻击提升$[0]。造成普攻伤害后，衍射伤害加成提升$[1]，持续$[2]秒。每次为敌方怪物附加【集谐·偏移】后，普攻伤害加深$[3]，且普攻伤害能无视目标$[4]防御，持续$[5]秒。",
    "datas": [
      [
        "12%",
        "15%",
        "18%",
        "21%",
        "24%"
      ],
      [
        "20%",
        "25%",
        "30%",
        "35%",
        "40%"
      ],
      [
        "4",
        "4",
        "4",
        "4",
        "4"
      ],
      [
        "20%",
        "25%",
        "30%",
        "35%",
        "40%"
      ],
      [
        "10%",
        "12.5%",
        "15%",
        "17.5%",
        "20%"
      ],
      [
        "6",
        "6",
        "6",
        "6",
        "6"
      ]
    ]
  }
}