{
  "id": "21020076",
  "name": "永远的启明星",
  "affixTitle": "逐星",
  "star": 5,
  "desc": "敬请期待",
  "attr": {
    "atk": {
      "1": 47,
      "20": 122.2517,
      "40": 232.7957,
      "50": 303.7375,
      "60": 374.6793,
      "70": 445.6164,
      "80": 516.5582,
      "90": 587.5,
      "20+": 153.5819,
      "40+": 264.1306,
      "50+": 335.0724,
      "60+": 406.0095,
      "70+": 476.9513,
      "80+": 547.8931
    },
    "bonusKey": "cpct",
    "bonusData": {
      "1": 5.4,
      "20": 9.59958,
      "40": 13.799700000000001,
      "50": 15.899760000000002,
      "60": 17.99982,
      "70": 20.099880000000002,
      "80": 22.19994,
      "90": 24.3,
      "20+": 9.59958,
      "40+": 13.799700000000001,
      "50+": 15.899760000000002,
      "60+": 17.99982,
      "70+": 20.099880000000002,
      "80+": 22.19994
    }
  },
  "materials": {
    "weapon": "叠翼偏振体",
    "monster": "全频锐棱声核"
  },
  "affixData": {
    "text": "全属性伤害加成提升$[0]。附加震谐·偏移或聚爆效应时，共鸣解放伤害无视目标$[1]防御，共鸣解放伤害无视目标$[2]热熔抗性，持续$[3]秒。",
    "datas": [
      [
        "12%",
        "15%",
        "18%",
        "21%",
        "24%"
      ],
      [
        "32%",
        "40%",
        "48%",
        "56%",
        "64%"
      ],
      [
        "10%",
        "15%",
        "20%",
        "25%",
        "30%"
      ],
      [
        "8",
        "8",
        "8",
        "8",
        "8"
      ]
    ]
  }
}