{
  "id": "21030046",
  "name": "溢彩荧辉",
  "affixTitle": "考勤豁免协议",
  "star": 5,
  "desc": "斑斓荧辉在指间跃动，虹色划过炫目的光迹。所有奔流的颜色最终于此瞄准，她终于抵达一片无需再远望的晴空。",
  "attr": {
    "atk": {
      "1": 47,
      "20": 122.2517,
      "40": 232.7957,
      "50": 303.7375,
      "60": 374.6793,
      "70": 445.6164,
      "80": 516.5582,
      "90": 587.5,
      "20+": 153.5819,
      "40+": 264.1306,
      "50+": 335.0724,
      "60+": 406.0095,
      "70+": 476.9513,
      "80+": 547.8931
    },
    "bonusKey": "cpct",
    "bonusData": {
      "1": 5.4,
      "20": 9.59958,
      "40": 13.799700000000001,
      "50": 15.899760000000002,
      "60": 17.99982,
      "70": 20.099880000000002,
      "80": 22.19994,
      "90": 24.3,
      "20+": 9.59958,
      "40+": 13.799700000000001,
      "50+": 15.899760000000002,
      "60+": 17.99982,
      "70+": 20.099880000000002,
      "80+": 22.19994
    }
  },
  "materials": {
    "weapon": "回音聚燃体",
    "monster": "完整隧体绳链"
  },
  "affixData": {
    "text": "攻击提升$[0]。施放变奏技能或普攻伤害命中时，使自身普攻伤害加成提升$[1]，持续$[2]秒。每次自身施放普攻技能期间为目标附加【震谐·偏移】或【集谐·偏移】时，使队伍中的角色造成的伤害提升$[3]，最多叠加$[4]层，持续$[5]秒，同名效果之间不可叠加。",
    "datas": [
      [
        "12%",
        "15%",
        "18%",
        "21%",
        "24%"
      ],
      [
        "36%",
        "45%",
        "54%",
        "63%",
        "72%"
      ],
      [
        "4",
        "4",
        "4",
        "4",
        "4"
      ],
      [
        "8%",
        "10%",
        "12%",
        "14%",
        "16%"
      ],
      [
        "3",
        "3",
        "3",
        "3",
        "3"
      ],
      [
        "30",
        "30",
        "30",
        "30",
        "30"
      ]
    ]
  }
}