{
  "id": "21020053",
  "name": "戍关迅刀·镇海",
  "affixTitle": "共济",
  "star": 3,
  "desc": "初代今州令尹为纪念守住边关、帮助建城的神秘人，根据其指导打造出戍关系列。如今，它已成为新型武器研发绕不开的基石。",
  "attr": {
    "atk": {
      "1": 24,
      "20": 62.4264,
      "40": 118.8744,
      "50": 155.1,
      "60": 191.3256,
      "70": 227.5488,
      "80": 263.7744,
      "90": 300,
      "20+": 78.4248,
      "40+": 134.8752,
      "50+": 171.1008,
      "60+": 207.324,
      "70+": 243.5496,
      "80+": 279.7752
    },
    "bonusKey": "hpPct",
    "bonusData": {
      "1": 6.7500002682209015,
      "20": 11.999475476816295,
      "40": 17.249625685438513,
      "50": 19.87470078974962,
      "60": 22.49977589406073,
      "70": 25.12485099837184,
      "80": 27.74992610268295,
      "90": 30.375001206994057,
      "20+": 11.999475476816295,
      "40+": 17.249625685438513,
      "50+": 19.87470078974962,
      "60+": 22.49977589406073,
      "70+": 25.12485099837184,
      "80+": 27.74992610268295
    }
  },
  "materials": {
    "weapon": "异构金属液滴",
    "monster": "全频啸叫声核"
  },
  "affixData": {
    "text": "共鸣技能伤害加成提升$[0]。",
    "datas": [
      [
        "12%",
        "15%",
        "18%",
        "21%",
        "24%"
      ]
    ]
  }
}