{
  "id": 21050026,
  "name": "琼枝冰绡",
  "affixTitle": "景外之景",
  "star": 5,
  "desc": "奇峰搜尽，遍览山林，玉印见证了无数胜景离跃纸上的生机，攀援而出的花枝指向即将新生的又一处深远画境。",
  "attr": {
    "atk": {
      "1": 40,
      "20": 104.044,
      "40": 198.124,
      "50": 258.5,
      "60": 318.876,
      "70": 379.248,
      "80": 439.624,
      "90": 500,
      "20+": 130.708,
      "40+": 224.792,
      "50+": 285.168,
      "60+": 345.54,
      "70+": 405.916,
      "80+": 466.292
    },
    "bonusKey": "cdmg",
    "bonusData": {
      "1": 16,
      "20": 28.4432,
      "40": 40.888000000000005,
      "50": 47.1104,
      "60": 53.3328,
      "70": 59.555200000000006,
      "80": 65.7776,
      "90": 72,
      "20+": 28.4432,
      "40+": 40.888000000000005,
      "50+": 47.1104,
      "60+": 53.3328,
      "70+": 59.555200000000006,
      "80+": 65.7776
    }
  },
  "materials": {
    "weapon": "急板涡流",
    "monster": "特制镣环"
  },
  "affixData": {
    "text": "攻击提升$[0]。施放共鸣技能时，获得效果：自身在场时普攻伤害加成提升$[1]。该效果可叠加$[2]层，持续$[3]秒。施放延奏技能时，若已累计$[4]层效果，则移除全部层数，使自身不在场时普攻伤害加成提升$[5]，持续$[6]秒。",
    "datas": [
      [
        "12%",
        "15%",
        "18%",
        "21%",
        "24%"
      ],
      [
        "12%",
        "15%",
        "18%",
        "21%",
        "24%"
      ],
      [
        "3",
        "3",
        "3",
        "3",
        "3"
      ],
      [
        "6",
        "6",
        "6",
        "6",
        "6"
      ],
      [
        "3",
        "3",
        "3",
        "3",
        "3"
      ],
      [
        "52%",
        "65%",
        "78%",
        "91%",
        "104%"
      ],
      [
        "27",
        "27",
        "27",
        "27",
        "27"
      ]
    ]
  }
}