{
  "id": "21030026",
  "name": "林间的咏叹调",
  "affixTitle": "长夏咏颂",
  "star": 5,
  "desc": "万物皆于诗行之中，万物之声皆于音律之中。林间的乐声攀着无形天梯螺旋向上。月光为旋律沐浴银辉，夜莺为和声伴唱。当最后一个音符坠入寂静的大地上，完美的回声在大地胸腔永恒回响。",
  "attr": {
    "atk": {
      "1": 40,
      "20": 104.044,
      "40": 198.124,
      "50": 258.5,
      "60": 318.876,
      "70": 379.248,
      "80": 439.624,
      "90": 500,
      "20+": 130.708,
      "40+": 224.792,
      "50+": 285.168,
      "60+": 345.54,
      "70+": 405.916,
      "80+": 466.292
    },
    "bonusKey": "cpct",
    "bonusData": {
      "1": 8,
      "20": 14.2216,
      "40": 20.444000000000003,
      "50": 23.5552,
      "60": 26.6664,
      "70": 29.777600000000003,
      "80": 32.8888,
      "90": 36,
      "20+": 14.2216,
      "40+": 20.444000000000003,
      "50+": 23.5552,
      "60+": 26.6664,
      "70+": 29.777600000000003,
      "80+": 32.8888
    }
  },
  "materials": {
    "weapon": "高纯晶化燃素",
    "monster": "特制镣环"
  },
  "affixData": {
    "text": "攻击提升$[0]。为目标添加【风蚀效应】后，自身气动伤害加成提升$[1]，持续$[2]秒。攻击命中带有【风蚀效应】的敌人时，降低对方$[3]的气动抗性，持续$[4]秒，同名效果之间不可叠加。",
    "datas": [
      [
        "12%",
        "15%",
        "18%",
        "21%",
        "24%"
      ],
      [
        "24%",
        "30%",
        "36%",
        "42%",
        "48%"
      ],
      [
        "10",
        "10",
        "10",
        "10",
        "10"
      ],
      [
        "10%",
        "11.5%",
        "13%",
        "14.5%",
        "16%"
      ],
      [
        "20",
        "20",
        "20",
        "20",
        "20"
      ]
    ]
  }
}