{
  "id": "21030104",
  "name": "阳焰",
  "affixTitle": "狩潮之誓",
  "star": 4,
  "desc": "七丘授予杰出角斗士的佩枪。武器上的雕纹以狩王鹫为原型设计。狩王鹫是天生的猎手，也是七丘人在这片土地上最初的伙伴。这份情谊无需用笔墨锚定，它永不蒙尘，永远如灼日般璀璨高洁。",
  "attr": {
    "atk": {
      "1": 33,
      "20": 85.8363,
      "40": 163.4523,
      "50": 213.2625,
      "60": 263.0727,
      "70": 312.8796,
      "80": 362.6898,
      "90": 412.5,
      "20+": 107.8341,
      "40+": 185.4534,
      "50+": 235.2636,
      "60+": 285.0705,
      "70+": 334.8807,
      "80+": 384.6909
    },
    "bonusKey": "cpct",
    "bonusData": {
      "1": 4.5,
      "20": 7.999650000000001,
      "40": 11.499749999999999,
      "50": 13.2498,
      "60": 14.999849999999999,
      "70": 16.7499,
      "80": 18.49995,
      "90": 20.25,
      "20+": 7.999650000000001,
      "40+": 11.499749999999999,
      "50+": 13.2498,
      "60+": 14.999849999999999,
      "70+": 16.7499,
      "80+": 18.49995
    }
  },
  "materials": {
    "weapon": "高纯晶化燃素",
    "monster": "特制镣环"
  },
  "affixData": {
    "text": "造成普攻或重击伤害时，攻击和重击伤害加成提升$[0]，可叠加$[1]层，持续$[2]秒，每$[3]秒可触发$[4]次。",
    "datas": [
      [
        "2.2%",
        "3.4%",
        "4.7%",
        "5.9%",
        "7.2%"
      ],
      [
        "4",
        "4",
        "4",
        "4"
      ],
      [
        "7",
        "7",
        "7",
        "7",
        "7"
      ],
      [
        "1",
        "1",
        "1",
        "1",
        "1"
      ],
      [
        "1",
        "1",
        "1",
        "1",
        "1"
      ]
    ]
  }
}